Date,Exercise,Set 1 Weight,Set 1 Reps,Set 2 Weight,Set 2 Reps,Set 3 Weight,Set 3 Reps,Set 4 Weight,Set 4 Reps,Set 5 Weight,Set 5 Reps,Comments
5/9/2023,Bench Press,145,8,145,6,135,7,,,,,Warmup - 95 x 6
5/9/2023,Dumbbell Shoulder Press,40,8,40,7,40,7,35,7,,,
5/9/2023,Incline Dumbbell Bench Press,35,4,35,6,,,,,,,
5/9/2023,Lateral Raises,15,12,15,12,15,10,10,12,,,
5/9/2023,Pec Fly Machine,70,15,90,10,90,12,,,,,
5/10/2023,Cable Row,105,10,120,10,120,8,85,8,,,Warmup - 27.5 x 10
5/10/2023,Weight Assisted Pullups,30,10,30,8,30,6,,,,,
5/10/2023,Lat Pulldown,70,8,120,6,120,8,,,,,
5/10/2023,Bicep Curls,25,10,25,8,25,8,,,,,
5/10/2023,Lower Back Extension,25,15,25,12,,,,,,,
5/10/2023,Face Pulls,35,12,42.5,10,42.5,12,,,,,"1(mid), 2(low), 3(high)"
5/11/2023,Leg Press Machine,290,12,310,8,310,7,,,,,Warmup - 150 x 10
5/11/2023,RDL,135,10,135,10,135,8,,,,,Warmup - 95 x 10m Grip strength limiter second set
5/11/2023,Leg Raises,0,12,0,12,0,10,,,,,
5/11/2023,Lateral Raises,15,12,15,12,15,12,,,,,
5/12/2023,Bench Press,145,9,145,8,145,6,,,,,
5/12/2023,Dumbbell Shoulder Press,40,8,40,8,40,8,,,,,
5/12/2023,Incline Dumbbell Bench Press,45,8,45,6,45,6,,,,,
5/12/2023,Lateral Raises,15,15,15,12,15,10,10,10,,,
5/12/2023,Pec Fly Machine,100,12,100,15,110,15,,,,,
5/13/2023,Deadlift,135,8,155,10,155,10,,,,,
5/13/2023,Lat Pulldown,130,10,130,10,130,7,120,3,,,Warmup - 90 x 8
5/13/2023,Cable Row,120,10,120,10,120,10,,,,,
5/13/2023,Bicep Curls,25,10,25,10,,,,,,,
5/14/2023,Calf Extension Machine,150,10,150,12,150,12,,,,,
5/14/2023,Leg Press Machine,280,15,370,8,370,8,,,,,
5/14/2023,Ab Crunch Machine,110,10,110,10,,,,,,,
5/14/2023,Lateral Raises,15,16,15,15,15,15,,,,,
5/15/2023,Bench Press,155,8,155,7,135,10,,,,,
5/15/2023,Dumbbell Shoulder Press,40,10,40,8,40,8,40,6,,,
5/15/2023,Incline Dumbbell Bench Press,45,8,45,4,,,,,,,
5/15/2023,Lateral Raises,15,16,15,15,15,12,10,8,,,
5/15/2023,Pec Fly Machine,110,6,90,10,90,8,,,,,
5/17/2023,Single Arm Chest Supported Row Machine,105,15,130,8,130,8,,,,,
5/17/2023,Lat Pulldown Machine,130,10,,,,,,,,,
5/17/2023,Lat Pulldown,120,10,120,8,,,,,,,
5/17/2023,Bicep Curls,30,7,30,6,30,6,,,,,
5/17/2023,Face Pulls,42.5,10,42.5,10,42.5,10,,,,,"1(mid), 2(low), 3(high)"
5/19/2023,Leg Press Machine,280,10,370,8,370,10,370,8,,,
5/19/2023,Hip Abduction Machine,190,12,230,10,210,12,,,,,
5/19/2023,Hip Adduction Machine,190,15,210,10,,,,,,,
5/19/2023,Lateral Raises,15,16,15,16,15,14,,,,,
5/19/2023,Leg Raises,0,15,0,12,0,10,,,,,
5/21/2023,Bench Press,155,8,155,7,155,6,,,,,
5/21/2023,Dumbbell Shoulder Press,40,11,40,9,40,9,,,,,
5/21/2023,Incline Dumbbell Bench Press,45,7,45,7,45,7,,,,,
5/21/2023,Lateral Raises,20,12,15,12,15,12,10,10,,,
5/21/2023,Pec Fly Machine,110,8,100,8,90,12,,,,,
5/22/2023,Single Arm Chest Supported Row Machine,130,10,130,10,130,10,130,10,,,
5/22/2023,Single Arm Front Pulldown,70,8,70,8,,,,,,,
5/22/2023,Lat Pulldown,120,10,120,8,,,,,,,
5/22/2023,Bicep Curls,30,8,30,6,25,8,,,,,
5/22/2023,Face Pulls,42.5,16,42.5,13,42.5,42.5,10,,,,"1(high), 2(mid), 3(low)"
5/22/2023,Lower Back Extension,25,12,25,,,,,,,,
5/23/2023,Leg Press Machine,370,10,370,10,370,8,,,,,
5/23/2023,Hip Adduction Machine,210,10,220,12,230,10,,,,,
5/23/2023,Hamstring Curl Machine,90,8,90,10,,,,,,,
5/23/2023,Lateral Raises,15,16,15,15,15,12,,,,,
5/25/2023,Bench Press,155,8,155,6,155,6,135,8,,,
5/25/2023,Dumbbell Shoulder Press,40,12,40,11,40,9,,,,,
5/25/2023,Incline Dumbbell Bench Press,45,8,45,7,45,5,,,,,
5/25/2023,Lateral Raises,15,15,15,13,15,13,,,,,
5/25/2023,Egyptian Cable Lateral Raise,9,8,7.5,14,,,,,,,
5/25/2023,Pec Fly Machine,110,7,110,6,,,,,,,
5/26/2023,Single Arm Chest Supported Row Machine,130,12,130,12,130,12,,,,,
5/26/2023,Pull Ups,0,7,0,5,0,5,,,,,
5/26/2023,Bicep Curls,30,9,30,6,25,9,,,,,
5/26/2023,Lower Back Extension,25,15,25,10,,,,,,,
5/27/2023,Leg Press Machine,370,11,370,12,370,8,,,,,
5/27/2023,Hip Adduction Machine,230,12,,,,,,,,,
5/27/2023,Torso Rotation Machine,130,8,,,,,,,,,
5/27/2023,Hamstring Curl Machine,90,12,110,8,,,,,,,
5/27/2023,Egyptian Cable Lateral Raise,7.5,12,7.5,15,,,,,,,
5/27/2023,Leg Raises,0,12,0,10,,,,,,,
5/29/2023,Dumbbell Bench Press,55,11,55,8,55,8,,,,,
5/29/2023,Dumbbell Shoulder Press,40,13,40,10,40,9,,,,,
5/29/2023,Incline Dumbbell Bench Press,40,9,40,10,40,10,,,,,
5/29/2023,Lateral Raises,15,15,15,15,12,,,,,,
5/30/2023,Pull Ups,0,8,0,6,0,5,,,,,
5/30/2023,Single Arm Front Pulldown,55,10,55,10,,,,,,,
5/30/2023,Single Arm Chest Supported Row Machine,130,10,130,10,105,15,,,,,
5/30/2023,Bicep Curls,25,12,25,12,25,8,,,,,
5/30/2023,Face Pulls,47.5,12,47.5,10,47.5,8,,,,,"(high), (mid), (low)"
5/31/2023,Leg Press Machine,370,10,370,11,370,10,,,,,
5/31/2023,Quad Extension Machine,145,10,145,10,145,8,,,,,
5/31/2023,Lower Back Extension,25,15,25,12,,,,,,,
5/31/2023,Egyptian Cable Lateral Raise,9,12,9,12,,,,,,,
5/31/2023,Leg Raises,0,10,0,8,,,,,,,
6/2/2023,Bench Press,160,7,155,5,,,,,,,
6/2/2023,Dumbbell Bench Press,55,9,55,8,,,,,,,
6/2/2023,Dumbbell Shoulder Press,45,7,45,6,40,9,40,7,,,
6/2/2023,Incline Dumbbell Bench Press,45,6,45,5,,,,,,,
6/2/2023,Egyptian Cable Lateral Raise,10,9,5,15,,,,,,,
6/2/2023,Lateral Raises,15,14,15,12,15,10,,,,,
6/3/2023,Single Arm Chest Supported Row Machine,130,14,130,10,105,15,,,,,
6/3/2023,Pull Ups,0,7,0,4,,,,,,,mental fatigue
6/3/2023,Weight Assisted Pullups,30,8,30,6,,,,,,,
6/3/2023,Bicep Curls,30,7,30,8,30,7,,,,,
6/3/2023,Face Pulls,52.5,12,52.5,12,47.5,9,,,,,"high, mid, low"
6/4/2023,Leg Press Machine,370,10,370,10,370,10,,,,,
6/4/2023,RDL,135,8,135,10,,,,,,,
6/4/2023,Lower Back Extension,45,8,45,5,,,,,,,
6/4/2023,Quad Extension Machine,145,10,145,10,145,8,,,,,
6/4/2023,Hip Abduction Machine,210,12,210,10,210,12,,,,,
6/4/2023,Stairmaster,0,10,,,,,,,,,
6/6/2023,Bench Press,155,8,155,7,155,6,135,8,,,
6/6/2023,Dumbbell Shoulder Press,45,9,45,7,45,5,40,7,,,
6/6/2023,Incline Bench Press,45,6,45,5,35,9,,,,,
6/6/2023,Egyptian Cable Lateral Raise,9,15,10.5,8,,,,,,,
6/6/2023,Lateral Raises,15,12,15,12,15,9,,,,,Seated
6/6/2023,Pec Fly Machine,110,9,90,8,90,8,,,,,
6/8/2023,Pull Ups,0,8,0,6,0,5,,,,,
6/8/2023,Dumbbell Row,50,12,50,12,50,12,,,,,
6/8/2023,Bicep Curls,30,9,30,7,30,7,,,,,
6/11/2023,Bench Press,155,9,155,6,155,5,,,,,
6/11/2023,Dumbbell Shoulder Press,45,10,45,9,45,8,45,7,,,
6/11/2023,Incline Dumbbell Bench Press,45,8,45,5,,,,,,,
6/11/2023,Lateral Raises,15,15,15,15,15,14,,,,,
6/11/2023,Egyptian Cable Lateral Raise,7.5,10,7.5,12,7.5,12,,,,,
6/11/2023,Decline Cable Flies,29,8,29,8,,,,,,,
6/12/2023,Deadlift,135,8,185,5,185,5,,,,,
6/12/2023,Pull Ups,0,8,0,7,0,5,,,,,
6/12/2023,Row Machine,170,10,180,10,180,8,,,,,
6/12/2023,Bicep Curls,30,10,30,8,30,9,,,,,
6/12/2023,Face Pulls,55,12,55,12,55,10,,,,,"high, mid, low"
6/13/2023,Leg Press Machine,395,8,395,8,395,8,,,,,
6/13/2023,Quad Extension Machine,150,12,150,10,150,9,110,6,,,
6/13/2023,Hamstring Curl Machine,110,12,110,12,110,12,,,,,
6/13/2023,Leg Raises,0,16,0,12,,,,,,,
6/14/2023,Bench Press,160,7,160,5,155,5,145,7,,,
6/14/2023,Dumbbell Shoulder Press,45,8,45,8,45,7,,,,,
6/14/2023,Incline Dumbbell Bench Press,45,7,45,6,,,,,,,
6/14/2023,Lateral Raises,15,16,15,16,15,14,,,,,
6/14/2023,Decline Cable Flies,29,10,29,10,,,,,,,
6/14/2023,Egyptian Cable Lateral Raise,10,10,10,10,,,,,,,
6/15/2023,Deadlift,135,10,205,5,205,5,,,,,
6/15/2023,Pull Ups,0,7,0,6,,,,,,,
6/15/2023,Weight Assisted Pullups,30,12,20,10,,,,,,,
6/15/2023,Row Machine,170,10,170,10,170,8,,,,,
6/15/2023,Standing Lat Pullover,15,10,15,10,,,,,,,
6/15/2023,Bicep Curls,30,11,30,8,,,,,,,
6/15/2023,Hammer Curl,30,7,30,5,,,,,,,
6/15/2023,Face Pulls,59,10,59,10,55,10,,,,,"high, mid, low"
6/17/2023,Leg Press Machine,395,8,395,9,395,8,,,,,
6/17/2023,Hamstring Curl Machine,120,10,120,10,120,9,,,,,
6/17/2023,Quad Extension Machine,160,10,150,10,150,8,,,,,
6/17/2023,Leg Raises,0,16,0,12,0,12,,,,,Superset
6/17/2023,Lateral Raises,15,16,15,16,15,15,,,,,"Superset, super drop"
6/18/2023,Bench Press,160,8,160,6,160,6,,,,,
6/18/2023,Dumbbell Shoulder Press,45,11,45,9,45,7,,,,,
6/18/2023,Incline Dumbbell Bench Press,45,8,45,9,,,,,,,
6/18/2023,Lateral Raises,15,20,15,16,15,14,,,,,Super drop
6/18/2023,Decline Cable Flies,29,10,29,9,29,10,,,,,
6/18/2023,Egyptian Cable Lateral Raise,10,10,10,8,,,,,,,
6/19/2023,Deadlift,135,10,205,6,205,6,,,,,
6/19/2023,Pull Ups,0,6,0,5,,,,,,,
6/19/2023,Weight Assisted Pullups,20,12,20,8,,,,,,,
6/19/2023,Row Machine,175,10,180,10,180,10,,,,,
6/19/2023,Standing Lat Pullover,36,12,36,10,,,,,,,
6/19/2023,Bicep Curls,30,12,30,9,,,,,,,
6/19/2023,Hammer Curl,30,6,25,8,,,,,,,
6/19/2023,Face Pulls,59,10,59,10,,,,,,,mid
6/23/2023,Bench Press,160,8,160,7,160,5,,,,,
6/23/2023,Dumbbell Shoulder Press,45,10,45,8,45,8,,,,,
6/23/2023,Incline Dumbbell Bench Press,45,9,45,8,45,6,,,,,
6/23/2023,Lateral Raises,15,21,15,18,15,16,,,,,super drop
6/23/2023,Decline Cable Flies,29,12,29,12,,,,,,,
6/23/2023,Egyptian Cable Lateral Raise,10,9,,,,,,,,,
6/24/2023,Deadlift,135,10,205,8,225,5,,,,,
6/24/2023,Pull Ups,0,7,0,6,,,,,,,
6/24/2023,Weight Assisted Pullups,20,11,,,,,,,,,
6/24/2023,Row Machine,180,10,180,10,170,10,,,,,
6/24/2023,Standing Lat Pullover,36,12,40,10,,,,,,,
6/24/2023,Bicep Curls,35,5,30,11,,,,,,,
6/24/2023,Hammer Curl,30,6,30,5,,,,,,,Superset
6/24/2023,Face Pulls,59,10,59,9,,,,,,,"Superset, mid"
7/5/2023,Bench Press,135,8,165,6,165,4,145,8,,,
7/5/2023,Dumbbell Shoulder Press,45,10,45,7,45,7,40,9,,,
7/5/2023,Incline Dumbbell Bench Press,45,8,45,7,,,,,,,
7/5/2023,Lateral Raises,15,17,15,15,15,12,,,,,super drop
7/5/2023,Decline Cable Flies,29,15,32.5,8,32.5,6,,,,,
7/5/2023,Egyptian Cable Lateral Raise,10,10,10,10,,,,,,,
7/6/2023,Deadlift,135,10,225,3,225,3,,,,,
7/6/2023,Pull Ups,0,7,,,,,,,,,
7/6/2023,Weight Assisted Pullups,20,12,20,10,20,8,,,,,
7/6/2023,Row Machine,175,8,180,10,180,10,,,,,
7/6/2023,Bicep Curls,30,8,30,6,,,,,,,
7/6/2023,Hammer Curl,25,8,25,7,,,,,,,
7/6/2023,Face Pulls,59,10,55,10,,,,,,,mid
7/7/2023,Quad Extension Machine,160,10,160,12,160,10,,,,,
7/7/2023,Hamstring Curl Machine,120,10,130,8,130,6,,,,,
7/7/2023,Leg Press Machine,345,8,345,7,,,,,,,
7/7/2023,Leg Raises,0,17,0,14,0,10,,,,,
7/7/2023,Lateral Raises,15,18,15,10,,,,,,,super drop
7/8/2023,Bench Press,165,7,165,5,155,6,,,,,
7/8/2023,Dumbbell Shoulder Press,45,9,45,8,45,7,45,7,,,
7/8/2023,Incline Dumbbell Bench Press,45,6,45,4,,,,,,,
7/8/2023,Egyptian Cable Lateral Raise,10,12,10,12,,,,,,,
7/8/2023,Decline Cable Flies,32.5,8,29,8,,,,,,,
7/8/2023,Lateral Raises,15,15,15,14,12,12,,,,,super drop
7/9/2023,Pull Ups,0,8,0,5,0,5,,,,,
7/9/2023,Deadlift,135,8,185,6,225,4,,,,,
7/9/2023,Row Machine,180,10,185,10,190,10,,,,,
7/9/2023,Standing Lat Pullover,36,12,40,10,40,10,,,,,
7/9/2023,Bicep Curls,30,12,30,7,,,,,,,
7/9/2023,Hammer Curl,30,7,,,,,,,,,
7/9/2023,Face Pulls,59,10,59,10,,,,,,,
7/10/2023,Barbell Squat,135,8,155,3,155,2,,,,,
7/10/2023,Quad Extension Machine,170,10,170,10,170,8,,,,,
7/10/2023,Hamstring Curl Machine,130,10,130,8,130,6,,,,,
7/10/2023,Leg Raises,0,16,0,10,0,10,,,,,
7/10/2023,Lateral Raises,15,15,,,,,,,,,
7/12/2023,Bench Press,165,6,165,5,155,7,,,,,
7/12/2023,Dumbbell Shoulder Press,45,11,45,8,45,6,,,,,
7/12/2023,Incline Dumbbell Bench Press,45,9,45,7,,,,,,,
7/12/2023,Egyptian Cable Lateral Raise,12.5,8,10,12,,,,,,,
7/12/2023,Decline Cable Flies,32.5,12,32.5,11,,,,,,,
7/12/2023,Lateral Raises,15,16,15,15,15,12,,,,,super drop
7/13/2023,Deadlift,135,8,225,5,225,,,,,,
7/13/2023,Pull Ups,0,6,,,,,,,,,
7/13/2023,Lat Pulldown Machine,120,10,,,,,,,,,
7/13/2023,Weight Assisted Pullups,20,10,20,8,,,,,,,
7/13/2023,Row Machine,190,10,190,10,190,10,,,,,
7/13/2023,Bicep Curls,35,4,30,10,,,,,,,
7/13/2023,Hammer Curl,30,7,30,5,,,,,,,
7/13/2023,Rear Delt Cable Flies,12.5,12,12.5,12,,,,,,,
7/14/2023,Hamstring Curl Machine,130,10,130,10,130,8,,,,,superset
7/14/2023,Quad Extension Machine,170,10,170,12,170,10,,,,,superset
7/14/2023,Hip Abduction Machine,100,12,100,12,,,,,,,
7/14/2023,Leg Raises,0,16,0,12,0,10,,,,,
7/15/2023,Bench Press,165,8,165,6,155,7,,,,,
7/15/2023,Dumbbell Shoulder Press,45,11,45,8,45,8,,,,,
7/15/2023,Incline Dumbbell Bench Press,45,8,45,6,,,,,,,
7/15/2023,Egyptian Cable Lateral Raise,10,12,10,12,10,12,,,,,superset
7/15/2023,Decline Cable Flies,32.5,12,32.5,10,32.5,10,,,,,superset
7/15/2023,Lateral Raises,15,16,15,15,15,10,,,,,Superdrop
7/16/2023,Pull Ups,0,8,0,6,0,5,,,,,
7/16/2023,Deadlift,135,8,225,5,235,3,,,,,
7/16/2023,Weight Assisted Pullups,20,10,20,10,,,,,,,
7/16/2023,Row Machine,190,10,190,10,190,10,,,,,
7/16/2023,Bicep Curls,30,11,30,8,,,,,,,
7/16/2023,Hammer Curl,30,6,30,8,,,,,,,
7/16/2023,Rear Delt Cable Flies,12.5,10,12.5,10,,,,,,,
7/18/2023,Barbell Squat,135,8,155,2,135,8,135,5,,,
7/18/2023,Hamstring Curl Machine,140,8,140,6,130,8,,,,,
7/18/2023,Quad Extension Machine,175,10,170,10,170,8,,,,,
7/18/2023,Leg Raises,0,16,0,10,,,,,,,
7/19/2023,Bench Press,170,7,170,6,170,5,,,,,
7/19/2023,Dumbbell Shoulder Press,50,8,50,7,50,5,45,6,,,
7/19/2023,Incline Dumbbell Bench Press,45,7,45,9,,,,,,,
7/19/2023,Decline Cable Flies,36,9,32.5,12,,,,,,,superset
7/19/2023,Egyptian Cable Lateral Raise,12.5,8,12.5,8,,,,,,,superset
7/19/2023,Chest Supported Lateral Raises,12,16,12,16,,,,,,,superdrop
7/21/2023,Row Machine,190,10,190,10,190,10,190,10,,,
7/21/2023,Lat Pulldown Machine,150,8,,,,,,,,,
7/21/2023,Weight Assisted Pullups,20,10,20,8,20,8,,,,,
7/21/2023,Rear Delt Cable Flies,17.5,8,17.5,7,17.5,7,,,,,
7/21/2023,Bicep Curls,30,10,30,8,,,,,,,
7/21/2023,Hammer Curl,30,6,25,8,,,,,,,
7/22/2023,Barbell Squat,135,10,155,6,155,5,155,5,,,
7/22/2023,Quad Extension Machine,175,8,175,8,175,8,,,,,
7/22/2023,Hamstring Curl Machine,140,8,140,6,130,8,,,,,
7/22/2023,Leg Raises,0,12,0,14,0,12,,,,,"superset, partner push"
7/22/2023,Chest Supported Lateral Raises,12,15,12,16,12,15,,,,,"superset, superdrop"
7/23/23,Bench Press,175,5,165,7,165,6,165,4,,,
7/23/2023,Dumbbell Shoulder Press,45,10,45,6,40,10,,,,,
7/23/2023,Incline Dumbbell Bench Press,45,7,,,,,,,,,
7/23/2023,Cable Fly,30,16,30,15,30,15,,,,,
7/23/2023,Lateral Raises,15,16,15,12,15,12,,,,,
7/24/2023,Deadlift,135,6,225,5,225,5,,,,,
7/24/2023,Pull Ups,0,7,0,5,,,,,,,
7/24/2023,Weight Assisted Pullups,20,12,,,,,,,,,
7/24/2023,Row Machine,190,10,190,10,190,10,,,,,
7/24/2023,Rear Delt Cable Flies,17.5,6,15,8,15,8,,,,,
7/24/2023,Bicep Curls,30,12,30,10,,,,,,,
7/24/2023,Hammer Curl,30,6,30,6,,,,,,,
7/25/2023,Barbell Squat,135,8,155,8,155,8,,,,,
7/25/2023,Hamstring Curl Machine,140,8,140,7,140,6,,,,,
7/25/2023,Quad Extension Machine,170,9,170,8,170,7,,,,,
7/25/2023,Leg Raises,0,16,0,12,0,10,,,,,
7/25/2023,Chest Supported Lateral Raises,15,12,15,10,,,,,,,Superdrop
7/26/2023,Bench Press,170,6,170,4,165,4,,,,,PR: 190
7/26/2023,Dumbbell Shoulder Press,45,11,45,9,45,8,,,,,
7/26/2023,Incline Dumbbell Bench Press,45,10,45,8,,,,,,,
7/26/2023,Egyptian Cable Lateral Raise,12.5,8,10,12,10,12,,,,,superset
7/26/2023,Decline Cable Flies,32.5,12,32.5,12,32.5,12,,,,,superset
7/26/2023,Chest Supported Lateral Raises,15,12,12,16,12,15,,,,,superdrop
7/27/2023,Pull Ups,0,6,0,5,0,4,,,,,
7/27/2023,Weight Assisted Pullups,20,8,20,8,,,,,,,
7/27/2023,Row Machine,200,8,200,9,200,8,190,10,,,
7/27/2023,Rear Delt Cable Flies,17.5,9,17.5,7,17.5,6,,,,,
7/27/2023,Bicep Curls,35,6,30,10,,,,,,,
7/27/2023,Hammer Curl,30,6,,,,,,,,,
7/31/2023,Bench Press,175,3,165,7,165,5,165,5,,,
7/31/2023,Dumbbell Shoulder Press,45,11,45,8,45,6,45,6,,,
7/31/2023,Incline Dumbbell Bench Press,45,7,45,5,,,,,,,
7/31/2023,Egyptian Cable Lateral Raise,10.5,12,10.5,12,10.5,,,,,,
7/31/2023,Pec Fly Machine,110,11,110,10,110,8,,,,,
7/31/2023,Lateral Raises,15,16,15,15,,,,,,,drop set
8/1/2023,Single Arm Front Pulldown,70,10,70,8,70,10,,,,,
8/1/2023,Single Arm Chest Supported Row Machine,140,12,140,10,140,10,140,10,,,
8/1/2023,Lat Pulldown,120,10,120,8,,,,,,,
8/1/2023,Bicep Curls,35,6,35,5,35,4,,,,,
8/1/2023,Hammer Curl,30,6,,,,,,,,,
8/1/2023,Face Pulls,62.5,10,,,,,,,,,
8/1/2023,Stairmaster,8,16,,,,,,,,,"Alternating 10, 6: 2 minute intervals"
8/2/2023,Quad Extension Machine,170,12,170,10,170,10,,,,,
8/2/2023,Hamstring Curl Machine,140,8,140,6,120,12,,,,,
8/2/2023,Leg Press Machine,375,12,425,8,425,8,,,,,
8/2/2023,Lateral Raises,15,16,15,18,15,12,,,,,drop set
8/2/2023,Leg Raises,0,12,,,,,,,,,
8/2/2023,Stairmaster,7,20,,,,,,,,,
8/5/2023,Bench Press,175,4,165,6,165,5,,,,,
8/5/2023,Dumbbell Shoulder Press,50,8,50,7,50,6,45,8,,,
8/5/2023,Incline Dumbbell Bench Press,45,10,45,6,,,,,,,
8/5/2023,Egyptian Cable Lateral Raise,10.5,10,10.5,9,10.5,7,,,,,
8/5/2023,Pec Fly Machine,110,10,110,6,100,8,,,,,
8/5/2023,Lateral Raises,15,16,15,15,15,12,,,,,superdrop
8/5/2023,Stairmaster,7,21,,,,,,,,,
8/6/2023,Lat Pulldown,130,15,130,10,130,10,,,,,
8/6/2023,Single Arm Chest Supported Row Machine,145,12,145,12,145,12,,,,,
8/6/2023,Single Arm Front Pulldown,70,12,70,10,,,,,,,
8/6/2023,Rear Delt Cable Flies,17.5,6,17.5,8,17.5,7,,,,,
8/6/2023,Bicep Curls,35,7,35,6,,,,,,,
8/6/2023,Hammer Curl,30,6,30,6,,,,,,,
8/6/2023,Stairmaster,7,22,,,,,,,,,
8/8/2023,Leg Press Machine,465,6,465,5,465,4,,,,,
8/8/2023,Quad Extension Machine,180,8,180,6,175,8,,,,,
8/8/2023,Hamstring Curl Machine,130,6,130,6,130,5,,,,,
8/8/2023,Lower Back Extension,45,10,45,8,,,,,,,
8/8/2023,Chest Supported Lateral Raises,15,15,15,12,15,12,,,,,
8/8/2023,Leg Raises,0,20,0,15,,,,,,,
8/9/2023,Bench Press,175,3,165,7,165,5,,,,,
8/9/2023,Dumbbell Shoulder Press,50,8,50,6,50,5,45,8,,,
8/9/2023,Incline Dumbbell Bench Press,45,11,45,7,45,6,,,,,
8/9/2023,Egyptian Cable Lateral Raise,10.5,12,10.5,11,10.5,10,,,,,
8/9/2023,Dips,0,6,0,5,,,,,,,
8/9/2023,Lateral Raises,15,16,15,13,15,10,,,,,Super drop
8/10/2023,Single Arm Front Pulldown,70,12,70,10,70,10,,,,,
8/10/2023,Single Arm Chest Supported Row Machine,145,10,145,12,145,10,,,,,
8/10/2023,Lat Pulldown,140,8,140,6,,,,,,,
8/10/2023,Rear Delt Cable Flies,17.5,8,17.5,6,17.5,6,,,,,
8/10/2023,Bicep Curls,35,8,35,5,,,,,,,
8/10/2023,Hammer Curl,30,5,30,6,,,,,,,
8/11/2023,Barbell Squat,135,10,155,6,155,6,,,,,
8/11/2023,Leg Press Machine,465,4,465,4,,,,,,,
8/11/2023,Quad Extension Machine,180,8,180,7,170,7,,,,,
8/11/2023,Lower Back Extension,50,12,50,10,,,,,,,
8/11/2023,Lateral Raises,15,20,15,16,15,15,,,,,Super drop
8/11/2023,Leg Raises,0,20,,,,,,,,,
8/12/2023,Dumbbell Bench Press,60,10,60,9,60,8,,,,,
8/12/2023,Dumbbell Shoulder Press,50,7,50,6,50,5,45,8,,,
8/12/2023,Incline Dumbbell Bench Press,45,6,45,4,,,,,,,
8/12/2023,Egyptian Cable Lateral Raise,12.5,6,10.5,13,,,,,,,
8/12/2023,Pec Fly Machine,110,8,110,7,110,7,,,,,
8/12/2023,Lateral Raises,15,21,15,18,15,15,,,,,Super drop
8/12/2023,Dips,0,8,0,7,,,,,,,
8/13/2023,Single Arm Front Pulldown,75,10,75,9,75,10,,,,,
8/13/2023,Cable Row,120,12,120,12,,,,,,,
8/13/2023,Lat Pulldown,120,10,120,8,,,,,,,
8/13/2023,Single Arm Chest Supported Row Machine,145,12,145,12,,,,,,,
8/13/2023,Bicep Curls,35,8,35,6,,,,,,,
8/13/2023,Hammer Curl,30,7,30,6,,,,,,,
8/13/2023,Rear Delt Cable Flies,17.5,10,17.5,10,17.5,6,,,,,
8/15/2023,Barbell Squat,135,10,155,8,175,2,,,,,
8/15/2023,Leg Press Machine,465,4,465,4,,,,,,,
8/15/2023,Quad Extension Machine,170,10,170,8,170,8,,,,,
8/15/2023,Lateral Raises,15,22,15,20,15,20,,,,,"superdrop, lead with elbows !!!"
8/15/2023,Leg Raises,0,20,0,15,,,,,,,
8/16/2023,Dumbbell Bench Press,65,7,65,7,65,7,,,,,
8/16/2023,Dumbbell Shoulder Press,50,9,50,8,50,6,,,,,
8/16/2023,Incline Dumbbell Bench Press,50,8,50,7,50,5,,,,,
8/16/2023,Egyptian Cable Lateral Raise,10.5,14,10.5,14,,,,,,,
8/16/2023,Pec Fly Machine,110,10,110,5,110,4,,,,,
8/16/2023,Lateral Raises,15,25,15,22,15,18,,,,,Super drop
8/16/2023,Dips,0,5,0,4,,,,,,,
8/17/2023,Single Arm Front Pulldown,75,12,80,12,80,10,,,,,
8/17/2023,Single Arm Chest Supported Row Machine,155,11,155,10,155,10,,,,,
8/17/2023,Lat Pulldown,120,12,120,12,120,10,,,,,
8/17/2023,Bicep Curls,35,6,35,6,30,9,,,,,
8/17/2023,Hammer Curl,30,7,,,,,,,,,
8/17/2023,Rear Delt Cable Flies,17.5,11,17.5,9,17.5,8,,,,,
8/19/2023,Barbell Squat,135,8,175,2,155,5,,,,,
8/19/2023,Horizontal Leg Press Machine,310,7,310,5,,,,,,,
8/19/2023,Hamstring Curl Machine,130,8,130,7,,,,,,,
8/19/2023,Quad Extension Machine,175,10,175,8,,,,,,,
8/20,Bench Press,175,5,165,8,165,6,,,,,
8/20/2023,Dumbbell Shoulder Press,50,8,50,7,50,6,50,5,,,
8/20/2023,Incline Dumbbell Bench Press,50,7,50,7,,,,,,,
8/20/2023,Egyptian Cable Lateral Raise,12.5,8,10,14,,,,,,,
8/20/2023,Decline Cable Flies,32.5,9,29,11,29,9,,,,,
8/20/2023,Lateral Raises,15,26,15,20,15,16,,,,,
8/20/2023,Dips,0,6,0,7,,,,,,,
8/21/2023,Lat Pulldown,135,7,120,12,120,11,120,10,,,
8/21/2023,Dumbbell Row,50,12,,,,,,,,,
8/21/2023,Cable Row,140,20,150,20,150,20,150,20,,,valencia
8/21/2023,Bicep Curls,35,6,35,6,35,4,,,,,
8/21/2023,Hammer Curl,30,5,30,4,,,,,,,
8/22/2023,Barbell Squat,135,10,155,10,165,8,,,,,
8/22/2023,Hamstring Curl Machine,130,8,130,8,130,6,,,,,
8/22/2023,Quad Extension Machine,170,10,170,8,160,10,,,,,
8/22/2023,Leg Raises,0,12,0,12,0,10,,,,,pushed down
8/22/2023,Lateral Raises,15,25,15,20,15,15,,,,,super drop
8/23/2023,Bench Press,175,5,175,4,165,5,,,,,
8/23/2023,Dumbbell Shoulder Press,50,9,50,7,50,7,50,5,,,
8/23/2023,Incline Dumbbell Bench Press,50,7,50,5,,,,,,,
8/23/2023,Egyptian Cable Lateral Raise,10.5,15,10.5,15,,,,,,,
8/23/2023,Decline Cable Flies,27.5,12,27.5,11,,,,,,,
8/23/2023,Tricep Pushdown,42.5,12,42.5,12,,,,,,,
8/23/2023,Lateral Raises,20,18,20,15,20,10,,,,,super drop
8/24/2023,Pull Ups,0,7,0,7,0,5,,,,,
8/24/2023,Single Arm Pulldown,44,12,44,11,,,,,,,
8/24/2023,Row Machine,200,8,200,10,200,9,,,,,
8/24/2023,Weight Assisted Pullups,20,10,,,,,,,,,
8/24/2023,Bicep Curls,35,7,35,4,,,,,,,
8/24/2023,Hammer Curl,30,7,30,5,,,,,,,
8/24/2023,Rear Delt Cable Flies,17.5,7,17.5,5,15,6,,,,,
8/25/2023,Barbell Squat,155,8,175,6,175,6,,,,,
8/25/2023,Hamstring Curl Machine,130,8,130,6,120,10,,,,,
8/25/2023,Quad Extension Machine,170,10,170,8,,,,,,,
8/25/2023,Leg Raises,0,16,0,10,,,,,,,
8/25/2023,Lateral Raises,20,14,20,16,20,14,,,,,super drop
8/26/2023,Bench Press,175,6,175,5,175,4,,,,,
8/26/2023,Dumbbell Shoulder Press,50,9,50,8,50,5,40,6,,,
8/26/2023,Incline Dumbbell Bench Press,50,6,45,7,,,,,,,
8/26/2023,Egyptian Cable Lateral Raise,10,12,10,14,,,,,,,superset
8/26/2023,Decline Cable Flies,25,14,25,12,,,,,,,superset
8/26/2023,Lateral Raises,15,26,15,20,15,15,,,,,"low rest, super drop"
8/27/2023,Pull Ups,0,8,0,4,,,,,,,
8/27/2023,Weight Assisted Pullups,20,12,20,8,,,,,,,
8/27/2023,Standing Lat Pullover,40,12,40,8,,,,,,,
8/27/2023,Row Machine,200,10,200,8,200,8,,,,,
8/27/2023,Preacher Curls,30,16,40,7,40,7,,,,,
8/27/2023,Hammer Curl,30,6,,,,,,,,,
8/27/2023,Rear Delt Cable Flies,17.5,9,17.5,7,,,,,,,
8/29/2023,Quad Extension Machine,170,12,170,9,,,,,,,
8/29/2023,Hamstring Curl Machine,130,10,130,8,,,,,,,
8/29/2023,Leg Press Machine,435,4,435,3,345,10,,,,,
8/29/2023,Leg Raises,0,20,0,12,,,,,,,
8/29/2023,Lateral Raises,20,20,20,18,20,15,,,,,super drop
8/31/2023,Bench Press,175,7,175,5,175,3,,,,,
8/31/2023,Dumbbell Shoulder Press,50,9,50,8,50,6,,,,,
8/31/2023,Incline Dumbbell Bench Press,50,9,50,6,,,,,,,
8/31/2023,Horizontal Cable Lateral Raise,10,9,10,8,,,,,,,
8/31/2023,Decline Cable Flies,25,16,25,12,,,,,,,
8/31/2023,Lateral Raises,20,16,20,14,,,,,,,super drop
9/2/2023,Deadlift,135,8,225,6,225,5,,,,,
9/2/2023,Pull Ups,0,8,0,6,0,5,,,,,
9/2/2023,Row Machine,200,10,200,8,200,8,,,,,
9/2/2023,EZ Bar Curls,50,10,50,8,,,,,,,
9/2/2023,Hammer Curl,30,6,30,6,,,,,,,
9/2/2023,Rear Delt Cable Flies,17.5,7,17.5,5,,,,,,,
9/3/2023,Quad Extension Machine,175,10,175,8,175,7,,,,,
9/3/2023,Hamstring Curl Machine,130,9,130,7,130,6,,,,,
9/3/2023,Leg Raises,0,15,,,,,,,,,
9/7/2023,Dumbbell Shoulder Press,50,11,50,9,50,7,,,,,
9/7/2023,Incline Dumbbell Bench Press,50,9,50,10,50,11,50,7,,,
9/7/2023,Horizontal Cable Lateral Raise,10,15,10,16,10,12,,,,,
9/7/2023,Decline Cable Flies,27.5,18,32.5,9,32.5,10,,,,,
9/7/2023,Lateral Raises,20,16,20,12,20,10,,,,,super drop
9/8/2023,Pull Ups,0,8,0,5,0,4,,,,,
9/8/2023,Weight Assisted Pullups,20,12,,,,,,,,,
9/8/2023,Row Machine,205,8,205,8,200,8,,,,,
9/8/2023,Preacher Curls,40,12,50,6,,,,,,,
9/8/2023,EZ Bar Curls,50,11,50,6,,,,,,,
9/8/2023,Rear Delt Cable Flies,17.5,9,12.5,6,7.5,12,,,,,More controlled
9/9/2023,Barbell Squat,155,8,185,5,,,,,,,
9/9/2023,Prone Hamstring Curls,100,6,90,8,90,7,,,,,
9/9/2023,Quad Extension Machine,170,8,170,7,150,8,,,,,
9/9/2023,Leg Raises,0,16,0,8,,,,,,,
9/11/2023,Bench Press,175,6,175,4,,,,,,,
9/11/2023,Dumbbell Shoulder Press,50,10,50,8,50,7,50,6,,,
9/11/2023,Incline Dumbbell Bench Press,55,9,55,7,55,5,,,,,
9/11/2023,Horizontal Cable Lateral Raise,10,14,10,12,,,,,,,
9/11/2023,Decline Cable Flies,25,11,25,11,,,,,,,superset
9/11/2023,Tricep Pushdown,40,12,44,6,,,,,,,superset
9/11/2023,Lateral Raises,20,19,20,10,,,,,,,super drop
9/12/2023,Pull Ups,0,8,0,6,0,4,,,,,
9/12/2023,Row Machine,205,9,205,8,205,8,,,,,
9/12/2023,Standing Lat Pullover,37.5,14,37.5,13,37.5,10,,,,,
9/12/2023,Hammer Curl,30,6,30,8,30,8,,,,,
9/12/2023,Rear Delt Cable Flies,17.5,6,12.5,8,12.5,6,,,,,
9/12/2023,Bike,16,10,,,,,,,,,
9/13/2023,Quad Extension Machine,170,9,170,8,170,7,,,,,
9/13/2023,Prone Hamstring Curls,90,10,90,10,90,10,,,,,
9/13/2023,Leg Raises,0,16,0,12,0,12,,,,,
9/13/2023,Egyptian Cable Lateral Raise,10,16,10,16,,,,,,,
9/13/2023,Bike,16,21,,,,,,,,,
9/15/2023,Bench Press,175,7,175,6,175,5,,,,,
9/15/23,Dumbbell Shoulder Press,50,9,50,8,50,6,,,,,
9/15/2023,Incline Dumbbell Bench Press,55,6,55,7,55,6,,,,,
9/15/2023,Horizontal Cable Lateral Raise,10,15,10,13,,,,,,,
9/15/2023,Decline Cable Flies,25,15,29,10,,,,,,,
9/15/2023,Tricep Pushdown,40,16,44,15,,,,,,,
9/15/2023,Lateral Raises,20,20,20,15,,,,,,,superdrop
9/18/2023,Bench Press,175,5,175,4,,,,,,,
9/18/2023,Dumbbell Shoulder Press,50,8,50,8,50,7,,,,,
9/18/2023,Incline Dumbbell Bench Press,55,7,55,6,55,6,,,,,
9/18/2023,Horizontal Cable Lateral Raise,12.5,10,7.5,15,,,,,,,
9/18/2023,Lateral Raises,20,15,15,22,20,10,,,,,superdrop
9/20/2023,Lat Pulldown,140,8,120,12,120,8,,,,,
9/20/2023,Rear Delt Cable Flies,12.5,10,12.5,7,12.5,6,,,,,
9/20/2023,Cable Row,120,9,120,7,100,14,,,,,
9/20/2023,Standing Lat Pullover,42.5,12,42.5,12,50,8,,,,,
9/20/2023,Bicep Curls,30,10,30,8,,,,,,,
9/20/2023,Hammer Curl,30,5,30,6,,,,,,,
9/21/2023,Leg Press Machine,375,10,465,5,465,5,,,,,465 = 4 plates a side
9/21/2023,Hamstring Curl Machine,110,14,130,10,130,8,,,,,
9/21/2023,Quad Extension Machine,145,8,145,10,145,8,,,,,
9/21/2023,Horizontal Cable Lateral Raise,7.5,18,7.5,16,7.5,14,,,,,
9/21/2023,Leg Raises,0,20,0,8,,,,,,,
9/26/2023,Dumbbell Shoulder Press,50,11,50,9,50,8,,,,,
9/26/2023,Incline Dumbbell Bench Press,55,10,55,8,55,7,55,,,,
9/26/2023,Horizontal Cable Lateral Raise,2,16,2,16,2,14,,,,,cybex machine weights ?
9/26/2023,Tricep Pushdown,8,12,9,8,,,,,,,
9/26/2023,Lateral Raises,15,20,15,15,,,,,,,drop set
9/28/2023,Pull Ups,0,9,0,6,0,4,,,,,
9/28/2023,Row Machine,150,10,150,10,160,10,,,,,
9/28/2023,Lat Pulldown,130,10,130,10,130,8,,,,,
9/28/2023,Bicep Curls,35,5,35,3,30,4,,,,,
9/28/2023,Hammer Curl,30,5,30,5,,,,,,,
9/28/2023,Rear Delt Fly Machine,70,12,70,18,,,,,,,
9/30/2023,Barbell Squat,135,10,175,6,185,5,,,,,
9/30/2023,Prone Hamstring Curls,90,9,90,7,90,7,,,,,
9/30/2023,Bulgarian Split Squats,25,6,25,6,,,,,,,
9/30/2023,Lateral Raise Machine,50,14,50,12,50,12,,,,,
9/30/2023,Leg Raises,0,20,0,10,,,,,,,
10/1/2023,Bench Press,175,5,175,4,175,4,175,3,,,
10/1/2023,Dumbbell Shoulder Press,50,8,50,6,50,6,,,,,
10/1/2023,Incline Dumbbell Bench Press,55,8,55,7,,,,,,,
10/1/2023,Tricep Pushdown,9,15,10,10,,,,,,,
10/1/2023,Lateral Raises,20,15,20,12,,,,,,,superdrop
10/1/2023,Pec Fly Machine,110,10,110,8,,,,,,,
10/5/2023,Pull Ups,0,9,,,,,,,,,
10/5/2023,Lat Pulldown,140,8,140,8,,,,,,,
10/5/2023,Row Machine,160,10,170,10,180,9,,,,,
10/5/2023,Bicep Curls,35,7,35,5,35,5,,,,,
10/5/2023,Hammer Curl,30,6,30,5,,,,,,,
10/5/2023,Rear Delt Fly Machine,80,16,90,12,,,,,,,
10/6/2023,Prone Hamstring Curls,90,11,90,7,90,7,,,,,
10/6/2023,Leg Press Machine,310,16,350,8,350,8,,,,,
10/6/2023,Dumbbell Split Squats,35,8,35,8,35,8,,,,,
10/6/2023,Leg Raises,0,22,0,16,,,,,,,
10/7/2023,Dumbbell Shoulder Press,50,12,50,10,50,10,,,,,
10/7/2023,Incline Dumbbell Bench Press,60,8,60,4,55,6,,,,,
10/7/2023,Horizontal Cable Lateral Raise,10,8,10,7,10,6,,,,,
10/7/2023,Tricep Pushdown,47.5,10,47.5,6,42.5,8,,,,,
10/7/2023,Lateral Raises,20,16,20,14,,,,,,,
10/11/2023,Pull Ups,0,9,0,6,0,5,,,,,
10/11/2023,Row Machine,180,10,170,10,170,12,,,,,
10/11/2023,Lat Pulldown,130,10,130,10,130,8,,,,,
10/11/2023,Bicep Curls,35,5,35,4,30,7,,,,,
10/11/2023,Hammer Curl,30,5,,,,,,,,,
10/11/2023,Rear Delt Fly Machine,90,10,90,8,,,,,,,
10/12/2023,Barbell Squat,135,8,195,5,205,5,,,,,
10/12/2023,Prone Hamstring Curls,100,8,100,7,100,4,,,,,
10/12/2023,Bulgarian Split Squats,25,8,25,6,,,,,,,
10/12/2023,Lateral Raises,20,18,20,14,,,,,,,super drop
10/12/2023,Leg Raises,0,20,0,10,,,,,,,
10/16/2023,Dumbbell Shoulder Press,55,8,55,7,55,6,,,,,
10/16/2023,Incline Dumbbell Bench Press,55,12,55,9,55,8,55,6,,,
10/16/2023,Dips,0,10,0,8,,,,,,,wrist pain
10/16/2023,Pec Fly Machine,110,9,110,7,100,9,,,,,
10/16/2023,Lateral Raises,20,15,20,12,,,,,,,superdrop
10/17/2023,Pull Ups,0,8,0,6,0,6,,,,,
10/17/2023,Row Machine,180,10,180,10,180,8,,,,,
10/17/2023,Lat Pulldown,140,10,140,8,130,9,,,,,
10/17/2023,Bicep Curls,35,5,35,5,,,,,,,go down
10/17/2023,Hammer Curl,30,6,30,5,,,,,,,
10/17/2023,Rear Delt Fly Machine,90,14,90,10,,,,,,,
10/18/2023,Barbell Squat,135,8,185,6,195,5,195,5,,,
10/18/2023,Prone Hamstring Curls,100,8,100,7,100,6,,,,,
10/18/2023,Glute Kickback Machine,150,8,150,8,,,,,,,
10/18/2023,Lateral Raise Machine,50,16,50,14,60,6,,,,,
10/18/2023,Leg Raises,0,20,0,12,,,,,,,
10/20/2023,Bench Press,175,4,165,7,165,5,,,,,
10/20/2023,Dumbbell Shoulder Press,55,7,55,6,55,5,,,,,
10/20,Incline Dumbbell Bench Press,55,7,55,6,55,4,,,,,
10/20/2023,Tricep Pushdown,60,6,50,10,,,,,,,
10/20/2023,Pec Fly Machine,110,12,110,9,,,,,,,
10/20/2023,Lateral Raises,20,18,20,15,,,,,,,super drop
10/21/2023,Pull Ups,0,9,0,6,0,5,,,,,
10/21/2023,Row Machine,180,10,180,8,180,8,,,,,
10/21/2023,Lat Pulldown,140,10,140,8,140,5,,,,,
10/21/2023,Bicep Curls,35,6,35,5,,,,,,,
10/21/2023,Hammer Curl,30,8,30,7,,,,,,,
10/23/2023,Barbell Squat,135,8,205,5,215,5,215,3,,,
10/23/2023,Prone Hamstring Curls,100,9,100,7,100,5,,,,,
10/23/2023,Leg Raises,0,20,0,12,0,10,,,,,
10/23/2023,Lateral Raise Machine,60,15,65,12,70,10,,,,,
10/24/2023,Bench Press,175,3,,,,,,,,,orm: 195
10/24/2023,Pause Bench Press,155,4,135,10,,,,,,,
10/24/2023,Dumbbell Shoulder Press,55,6,55,5,55,4,,,,,
10/24/2023,Incline Dumbbell Bench Press,60,3,,,,,,,,,
10/24/2023,Tricep Pushdown,50,12,50,10,,,,,,,
10/24/2023,Pec Fly Machine,120,12,120,8,,,,,,,
10/24/2023,Lateral Raises,20,15,,,,,,,,,
10/26/2023,Pull Ups,0,10,0,6,0,6,,,,,
10/26/2023,Row Machine,180,8,180,10,180,10,,,,,
10/26/2023,Lat Pulldown,150,6,140,8,140,6,,,,,
10/26/2023,Bicep Curls,35,7,35,5,,,,,,,
10/26/2023,Hammer Curl,30,6,30,6,,,,,,,
10/26/2023,Rear Delt Fly Machine,100,10,100,8,100,6,,,,,
10/27/2023,Barbell Squat,135,8,205,5,225,1,215,5,185,5,work on depth
10/27/2023,Prone Hamstring Curls,100,9,100,6,100,6,,,,,
10/27/2023,Leg Raises,0,20,0,10,,,,,,,
10/27/2023,Lateral Raise Machine,70,9,70,8,70,8,,,,,
10/29/2023,Pause Bench Press,155,6,155,5,155,4,135,8,,,
10/29/2023,Dumbbell Shoulder Press,55,7,55,6,55,4,,,,,
10/29/2023,Pec Fly Machine,120,9,120,8,120,7,,,,,
10/29/2023,Tricep Pushdown,50,14,50,10,,,,,,,
10/29/2023,Lateral Raises,20,15,20,10,,,,,,,superdrop
10/31/2023,Pull Ups,0,10,0,6,,,,,,,grip strength
10/31/2023,Row Machine,180,11,180,9,180,9,,,,,
10/31/2023,Rear Delt Fly Machine,100,10,100,7,100,6,,,,,
10/31/2023,Lat Pulldown,140,10,140,8,140,7,,,,,
10/31/2023,Bicep Curls,35,7,35,6,30,7,,,,,
10/31/2023,Hammer Curl,30,5,,,,,,,,,
11/1/2023,Barbell Squat,135,6,185,6,185,6,185,5,,,depth focused
11/1/2023,Prone Hamstring Curls,105,8,105,6,100,6,,,,,
11/1/2023,Leg Raises,0,20,0,10,,,,,,,
11/1/2023,Lateral Raise Machine,70,12,70,10,70,,,,,,
11/2/2023,Bench Press,175,6,175,4,175,4,,,,,
11/2/2023,Dumbbell Shoulder Press,55,8,55,6,55,5,,,,,
11/2/2023,Incline Dumbbell Bench Press,60,6,60,3,,,,,,,
11/2/2023,Tricep Pushdown,50,10,50,7,,,,,,,
11/2/2023,Pec Fly Machine,120,10,120,8,,,,,,,
11/2/2023,Lateral Raises,20,16,20,16,20,10,,,,,dropset
11/3/2023,Pull Ups,0,9,0,8,0,7,,,,,
11/3/2023,Row Machine,190,7,180,9,180,9,,,,,
11/3/2023,Lat Pulldown,150,8,150,6,150,6,,,,,
11/3/2023,Bicep Curls,35,6,35,6,35,5,,,,,
11/3/2023,Hammer Curl,30,7,30,6,,,,,,,
11/5/2023,Pull Ups,0,9,0,8,0,6,0,4,,,
11/5/2023,Lat Pulldown,150,8,150,6,,,,,,,
11/5/2023,Dumbbell Row,60,8,60,8,,,,,,,
11/5/2023,Bicep Curls,35,8,35,5,,,,,,,dropset
11/5/2023,Rear Delt Fly Machine,100,11,100,9,,,,,,,
11/6/2023,Barbell Squat,135,6,185,7,185,6,185,5,,,
11/6/2023,Prone Hamstring Curls,105,7,105,6,105,5,,,,,
11/6/2023,Leg Raises,0,16,0,12,0,10,,,,,
11/6/2023,Lateral Raise Machine,80,10,80,10,80,7,,,,,superdrop
11/7/2023,Bench Press,200,1,175,6,175,3,175,3,155,7,pr: 200
11/7/2023,Skullcrushers,40,16,50,8,50,6,50,6,,,
11/7/2023,Lateral Raises,15,16,15,18,15,20,15,16,,,"lean forward, retract shoulder blades "
11/9/2023,Pull Ups,0,10,0,8,0,7,0,5,,,
11/9/2023,Barbell Row,65,16,95,10,95,8,95,10,,,
11/9/2023,Lat Pulldown,150,8,150,7,,,,,,,
11/9/2023,Rear Delt Fly Machine,105,10,105,7,105,5,,,,,
11/9/2023,Bicep Curls,35,7,35,6,,,,,,,
11/9/2023,Hammer Curl,30,7,30,5,,,,,,,
11/10/2023,Barbell Squat,185,5,185,7,185,7,,,,,
11/10/2023,Prone Hamstring Curls,105,9,105,6,105,5,,,,,
11/10/2023,Hanging Leg Raises,0,8,0,8,0,8,,,,,Can't raise legs fully
11/10/2023,Lateral Raise Machine,70,12,70,11,,,,,,,super drop
11/11/2023,Pause Bench Press,155,7,155,5,155,5,,,,,
11/11/2023,Dumbbell Shoulder Press,55,7,55,6,55,5,,,,,
11/11/2023,Incline Dumbbell Bench Press,60,5,60,3,,,,,,,
11/11/2023,Skullcrushers,45,10,45,11,45,7,,,,,blom ez curl bar ?
11/11/2023,Lateral Raises,15,18,15,15,15,15,,,,,drop set
11/12/2023,Pull Ups,0,9,0,7,0,6,0,4,,,
11/12/2023,Barbell Row,95,12,95,10,95,10,95,10,,,
11/12/2023,Bicep Curls,35,8,35,6,,,,,,,
11/12/2023,Hammer Curl,30,7,30,7,,,,,,,
11/12/2023,Rear Delt Fly Machine,105,9,90,9,90,7,,,,,back on seat
11/14/2023,Barbell Squat,185,8,185,7,205,2,,,,,
11/14/2023,Hamstring Curl Machine,105,9,105,6,105,5,,,,,
11/14/2023,Hanging Leg Raises,0,10,0,8,0,7,,,,,
11/14/2023,Lateral Raise Machine,70,13,70,9,70,7,,,,,
11/16/2023,Dumbbell Shoulder Press,55,10,55,7,55,7,55,6,,,
11/16/2023,Pause Bench Press,155,4,,,,,,,,,
11/16/2023,Incline Dumbbell Bench Press,60,6,60,6,60,5,,,,,
11/16/2023,Skullcrushers,45,12,45,10,45,8,,,,,
11/16/2023,Lateral Raises,15,16,15,15,,,,,,,super drop
11/16/2023,Pec Fly Machine,120,5,110,5,,,,,,,
11/17/2023,Pull Ups,0,9,0,7,0,6,0,3,,,
11/17/2023,Barbell Row,105,10,105,8,105,8,,,,,
11/17/2023,Bicep Curls,35,7,35,5,,,,,,,
11/17/2023,Hammer Curl,30,8,30,5,,,,,,,
11/17/2023,Rear Delt Fly Machine,90,10,90,8,90,7,,,,,
11/18/2023,Pause Bench Press,155,7,155,4,135,8,,,,,
11/18/2023,Dumbbell Shoulder Press,55,7,55,5,55,6,,,,,
11/18/2023,Incline Dumbbell Bench Press,55,7,55,5,,,,,,,
11/18/2023,Skullcrushers,45,13,45,8,,,,,,,
11/18/2023,Lateral Raises,15,18,15,16,15,16,,,,,
11/18/2023,Pec Fly Machine,110,7,110,7,,,,,,,
11/19/2023,Pull Ups,0,9,0,7,0,5,0,4,,,
11/19/2023,Barbell Row,105,8,105,8,105,10,,,,,
11/19/2023,Bicep Curls,35,6,,,,,,,,,competition w/ alison
11/19/2023,Rear Delt Fly Machine,90,10,90,8,90,6,,,,,
11/21/2023,Barbell Squat,185,7,185,7,205,5,205,4,,,
11/21/2023,Quad Extension Machine,145,8,145,8,145,6,,,,,
11/21/2023,RDL,60,12,60,10,60,10,,,,,
11/22/2023,Bench Press,175,6,175,5,175,4,155,6,,,
11/22/2023,Dumbbell Shoulder Press,55,8,55,7,55,5,,,,,
11/22/2023,Skullcrushers,45,12,45,13,45,10,,,,,
11/22/2023,Decline Cable Flies,32.5,8,,,,,,,,,
11/22/2023,Lateral Raises,20,15,20,15,,,,,,,superdrop
11/25/2023,Pull Ups,0,7,0,6,0,4,0,4,,,
11/25/2023,Barbell Row,105,10,105,9,105,8,105,7,,,
11/25/2023,Bicep Curls,35,6,35,4,30,9,,,,,
11/25/2023,Hammer Curl,30,8,30,7,,,,,,,
11/25/2023,Face Pulls,44,12,47.5,15,,,,,,,
11/25/2023,Rear Delt Cable Flies,12.5,9,12.5,7,,,,,,,
11/27/2023,Pause Bench Press,155,7,155,5,155,5,,,,,
11/27/2023,Dumbbell Shoulder Press,55,8,55,7,55,5,,,,,
11/27/2023,Skullcrushers,50,10,50,9,50,6,,,,,
11/27/2023,Lateral Raises,20,15,15,15,15,15,,,,,superdrop
11/29/2023,Pull Ups,0,10,0,7,0,7,0,5,,,
11/29/2023,Barbell Row,115,8,115,8,115,7,95,12,,,
11/29/2023,Bicep Curls,35,7,35,6,35,5,,,,,
11/29/2023,Hammer Curl,30,7,30,5,,,,,,,
11/29/2023,Rear Delt Fly Machine,90,10,90,6,90,6,,,,,
11/30/2023,Barbell Squat,185,6,205,4,205,5,205,,,,
11/30/2023,RDL,65,12,85,10,85,9,,,,,
11/30/2023,Leg Raises,0,12,,,,,,,,,& ab circuit
12/2/2023,Bench Press,205,1,210,1,175,6,175,4,,,Pr: 210
12/2/2023,Dumbbell Shoulder Press,55,8,55,7,55,6,,,,,
12/2/2023,Incline Dumbbell Bench Press,55,7,55,5,,,,,,,
12/2/2023,Skullcrushers,50,10,50,8,,,,,,,
12/2/2023,Lateral Raises,15,18,15,12,,,,,,,
12/4/2023,Barbell Squat,205,5,205,4,205,2,,,,,
12/4/2023,RDL,65,10,85,10,85,10,,,,,
12/4/2023,Quad Extension Machine,145,9,145,8,145,6,,,,,
12/4/2023,Leg Raises,0,13,,,,,,,,,Partner
12/5/2023,Pull Ups,0,9,0,7,0,5,,,,,
12/5/2023,Barbell Row,115,8,115,7,115,7,,,,,
12/5/2023,Lat Pulldown,150,7,150,5,,,,,,,
12/5/2023,Bicep Curls,35,6,35,5,,,,,,,
12/5/2023,Hammer Curl,30,6,30,6,,,,,,,
12/7/2023,Pause Bench Press,155,5,155,5,155,4,,,,,
12/7/2023,Dumbbell Shoulder Press,55,9,55,6,55,6,,,,,
12/7/2023,Skullcrushers,55,7,55,6,55,3,,,,,
12/7/2023,Decline Cable Flies,32.5,9,32.5,7,,,,,,,
12/7/2023,Lateral Raises,15,20,20,10,,,,,,,drop
12/8/2023,Pull Ups,0,9,0,7,0,6,0,4,,,
12/8/2023,Barbell Row,105,12,105,10,105,8,105,8,,,
12/8/2023,Bicep Curls,35,7,35,5,,,,,,,
12/8/2023,Hammer Curl,30,8,30,7,,,,,,,
12/8/2023,Rear Delt Cable Flies,12.5,11,12.5,9,12.5,8,,,,,
12/9/2023,Smith Machine Barbell Squat,185,6,185,6,185,4,,,,,
12/9/2023,Prone Hamstring Curls,105,7,105,6,105,6,,,,,
12/9/2023,Quad Extension Machine,160,8,160,8,,,,,,,
12/9/2023,Leg Raises,0,10,0,10,0,10,,,,,partner
12/9/2023,Horizontal Cable Lateral Raise,7.5,12,7.5,12,,,,,,,
12/10/2023,Pause Bench Press,155,7,155,5,155,4,,,,,
12/10/2023,Bench Press,155,7,,,,,,,,,
12/10/2023,Dumbbell Shoulder Press,55,7,55,6,55,5,,,,,
12/10/2023,Skullcrushers,50,12,55,11,55,10,,,,,
12/10/2023,Decline Cable Flies,32.5,8,29,12,,,,,,,
12/10/2023,Lateral Raises,20,15,20,12,,,,,,,super drop
12/11/2023,Pull Ups,0,10,0,8,0,5,,,,,
12/11/2023,Barbell Row,115,8,115,6,115,6,,,,,
12/11/2023,Bicep Curls,35,6,35,6,,,,,,,
12/11/2023,Hammer Curl,30,8,30,7,,,,,,,
12/11/2023,Rear Delt Cable Flies,12.5,12,12.5,10,12.5,11,,,,,
12/12/2023,Barbell Squat,205,6,205,5,205,2,,,,,to failure 
12/12/2023,Prone Hamstring Curls,105,7,105,6,105,6,,,,,
12/12/2023,Quad Extension Machine,160,10,160,8,160,7,,,,,
12/12/2023,Leg Raises,0,12,0,10,,,,,,,
12/13/2023,Bench Press,175,7,175,4,155,7,,,,,
12/13/2023,Dumbbell Shoulder Press,55,9,55,7,55,6,,,,,
12/13/2023,Incline Dumbbell Bench Press,60,7,60,5,,,,,,,
12/13/2023,Skullcrushers,55,8,55,6,,,,,,,
12/13/2023,Decline Cable Flies,29,10,29,10,,,,,,,
12/13/2023,Lateral Raises,15,25,20,10,,,,,,,super drop 
12/15/2023,Pull Ups,0,9,0,7,0,5,0,3,,,
12/15/2023,Barbell Row,115,8,115,8,9,,,,,,
12/15/2023,Bicep Curls,35,8,35,5,,,,,,,
12/15/2023,Hammer Curl,30,8,30,6,,,,,,,
12/15/2023,Rear Delt Cable Flies,12.5,13,12.5,11,12.5,11,,,,,
12/16/2023,Barbell Squat,205,7,205,6,205,6,,,,,
12/16/2023,Prone Hamstring Curls,105,10,105,7,105,6,,,,,
12/16/2023,Quad Extension Machine,160,9,160,8,160,8,,,,,
12/16/2023,Leg Raises,0,12,0,10,,,,,,,
12/17/2023,Pause Bench Press,155,7,155,6,155,5,155,4,,,
12/17/2023,Dumbbell Shoulder Press,60,6,55,9,55,6,,,,,
12/17/2023,Skullcrushers,55,14,55,12,55,8,,,,,upstairs room
12/17/2023,Lateral Raises,20,15,20,14,20,5,,,,,superdrop
12/17/2023,Decline Cable Flies,29,10,29,7,,,,,,,
12/18/2023,Pull Ups,0,10,0,7,0,6,0,3,,,
12/18/2023,Barbell Row,115,9,115,8,115,9,,,,,
12/18/2023,Bicep Curls,35,8,35,7,,,,,,,
12/18/2023,Hammer Curl,30,8,30,8,,,,,,,
12/18/2023,Rear Delt Cable Flies,12.5,12,12.5,10,12.5,8,,,,,
12/19/2023,Dumbbell Shoulder Press,60,8,60,6,60,5,60,4,,,
12/19/2023,Lateral Raises,20,18,20/15,10/12,15,18,,,,,dropset
12/19/2023,Horizontal Cable Lateral Raise,7.5,12,7.5,12,7.5,14,,,,,
12/20/2023,Barbell Squat,215,5,215,4,215,5,,,,,
12/20/2023,Prone Hamstring Curls,105,9,105,7,105,6,,,,,superset
12/20/2023,Quad Extension Machine,160,10,160,8,160,8,,,,,superset 
12/21/2023,Bench Press,175,6,175,5,175,4,,,,,
12/21/2023,Dumbbell Shoulder Press,60,7,60,6,60,6,60,4,,,
12/21/2023,Skullcrushers,55,9,55,8,55,6,,,,,
12/21/2023,Decline Cable Flies,27.5,9,27.5,9,27.5,10,,,,,
12/21/2023,Lateral Raises,20,15,20,15,20,12,,,,,superdrop
12/22/2023,Pull Ups,0,10,0,6,0,5,0,5,,,
12/22/2023,Barbell Row,95,12,105,9,105,9,105,10,,,
12/22/2023,Bicep Curls,35,8,35,5,,,,,,,
12/22/2023,Hammer Curl,30,7,30,7,,,,,,,
12/22/2023,Rear Delt Cable Flies,12.5,12,12.5,10,,,,,,,
12/26/2023,Bench Press,175,6,175,4,155,7,,,,,
12/26/2023,Dumbbell Shoulder Press,60,6,60,5,60,4,,,,,
12/26/2023,Skullcrushers,55,13,55,9,55,6,,,,,upstairs room
12/26/2023,Decline Cable Flies,25,10,25,10,,,,,,,
12/26/2023,Lateral Raises,20,14,20,14,20,,,,,,superdrop
1/3/2024,Pause Bench Press,155,8,155,6,155,4,,,,,
1/3/2024,Dumbbell Shoulder Press,60,4,60,5,68,2,,,,,
1/3/2024,Incline Dumbbell Bench Press,60,6,60,6,,,,,,,
1/3/2024,Skullcrushers,55,9,55,6,,,,,,,
1/3/2024,Lateral Raises,15,20,15,18,15,18,,,,,
1/4/2024,Pull Ups,0,9,0,8,0,6,0,5,,,
1/4/2024,Lat Pulldown,150,6,150,5,,,,,,,
1/4/2024,Barbell Row,105,10,105,9,105,8,105,,,,
1/4/2024,Bicep Curls,35,6,35,4,,,,,,,
1/4/2024,Hammer Curl,30,5,,,,,,,,,
1/4/2024,Rear Delt Fly,10,10,10,15,10,15,,,,,
1/5/2024,Barbell Squat,185,6,185,5,185,4,185,2,,,
1/5/2024,Prone Hamstring Curls,105,7,105,6,105,4,,,,,
1/5/2024,Leg Raises,0,15,0,12,0,8,,,,,
1/5/2024,Lateral Raises,20,15,20,14,20,12,,,,,
1/6/2024,Bench Press,175,7,175,5,175,5,,,,,
1/6/2024,Dumbbell Shoulder Press,60,6,60,5,60,4,,,,,
1/6/2024,Incline Dumbbell Bench Press,60,5,60,3,,,,,,,
1/6/2024,Skullcrushers,55,4,55,3,,,,,,,
1/6/2024,Lateral Raises,15,25,15,20,15,20,,,,,dropset
1/6/2024,Pec Fly Machine,110,11,110,9,,,,,,,
1/8/2024,Pull Ups,0,9,0,6,0,5,0,3,,,
1/8/2024,Barbell Row,105,11,105,11,105,9,,,,,
1/8/2024,Bicep Curls,35,7,35,5,,,,,,,
1/8/2024,Hammer Curl,30,7,30,6,,,,,,,
1/8/2024,Rear Delt Fly Machine,90,10,90,8,90,6,,,,,
1/9/2024,Barbell Squat,185,6,205,5,205,4,205,,,,
1/9/2024,Prone Hamstring Curls,110,7,110,6,110,5,,,,,
1/9/2024,Lateral Raises,20,16,20,14,20,13,,,,,
1/9/2024,Leg Raises,0,15,0,10,,,,,,,
1/10/2024,Pause Bench Press,155,8,155,6,155,4,,,,,
1/10/2024,Dumbbell Shoulder Press,60,5,60,5,,,,,,,
1/10/2024,Skullcrushers,55,12,55,9,55,9,,,,,
1/10/2024,Lateral Raises,20,15,20,14,20,12,,,,,
1/10/2024,Pec Fly Machine,120,8,120,8,,,,,,,
1/11/2024,Pull Ups,0,10,0,7,0,6,0,4,,,
1/11/2024,Barbell Row,110,9,110,8,110,8,110,7,,,
1/11/2024,Bicep Curls,35,8,35,6,,,,,,,
1/11/2024,Rear Delt Fly Machine,90,11,90,7,90,,,,,,
1/12/2024,Barbell Squat,205,6,205,5,205,4,,,,,
1/12/2024,Prone Hamstring Curls,110,7,110,6,110,4,,,,,
1/12/2024,Leg Raises,0,12,0,12,0,6,,,,,
1/14/2024,Bench Press,175,7,175,5,175,5,,,,,
1/14/2024,Dumbbell Shoulder Press,60,6,60,5,60,4,,,,,bad bench
1/14/2023,Incline Dumbbell Bench Press,60,6,60,5,,,,,,,
1/14/2024,Skullcrushers,55,7,55,7,55,2,,,,,
1/14/2024,Pec Fly Machine,120,7,120,5,110,7,,,,,
1/14/2024,Lateral Raises,20,16,20,14,20,12,,,,,
1/16/2024,Pull Ups,0,10,0,7,0,6,0,5,,,
1/16/2024,Barbell Row,115,8,115,8,115,8,,,,,
1/16/2024,Bicep Curls,35,8,35,7,,,,,,,
1/16/2024,Hammer Curl,30,9,30,8,,,,,,,
1/16/2024,Rear Delt Fly Machine,90,11,90,8,90,7,,,,,
1/17/2024,Barbell Squat,205,7,205,5,,,,,,,failure
1/17/2024,Horizontal Leg Press Machine,310,8,310,7,,,,,,,
1/17/2024,Prone Hamstring Curls,110,8,110,6,110,5,,,,,
1/17/2024,Leg Raises,0,15,0,10,0,8,,,,,
1/17/2024,Lateral Raise Machine,80,8,70,8,70,7,,,,,
1/19/2024,Bench Press,185,5,185,4,175,6,,,,,
1/19/2024,Dumbbell Shoulder Press,60,7,60,6,60,5,,,,,
1/19/2024,Incline Dumbbell Bench Press,60,6,60,4,,,,,,,stretch focus
1/19/2024,Lateral Raises,20,18,20,12,20,10,,,,,dropset
1/19/2024,Skullcrushers,55,5,45,12,,,,,,,heavier bar ?
1/19/2024,Pec Fly Machine,120,7,110,6,110,5,,,,,
1/21/2024,Pull Ups,0,10,0,6,0,5,,,,,
1/21/2024,Barbell Row,115,9,115,6,115,6,,,,,
1/21/2024,Lat Pulldown,150,8,150,5,150,5,,,,,
1/21/2024,Bicep Curls,35,8,35,6,,,,,,,
1/21/2024,Hammer Curl,30,7,30,6,,,,,,,
1/21/2024,Rear Delt Fly Machine,90,12,90,8,90,8,,,,,
1/22/2024,Barbell Squat,205,3,205,3,,,,,,,
1/22/2024,Prone Hamstring Curls,110,9,110,7,110,5,,,,,
1/22/2024,Single Leg Calf Raises,0,20,0,15,,,,,,,
1/22/2024,Leg Raises,0,14,0,8,0,8,,,,,
1/22/2024,Lateral Raise Machine,70,12,70,8,70,6,,,,,
1/23/2024,Bench Press,185,5,185,4,185,3,185,2,,,
1/23/2024,Dumbbell Shoulder Press,60,7,60,6,60,4,,,,,
1/23/2024,Incline Dumbbell Bench Press,60,6,60,4,,,,,,,
1/23/2024,Lateral Raises,20,14,20,16,20,12,,,,,dropset
1/23/2024,Pec Fly Machine,110,8,110,6,110,5,,,,,
1/23/2024,Skullcrushers,55,5,45,16,,,,,,,
1/25/2024,Pull Ups,0,9,0,6,0,5,0,4,,,
1/25/2024,Barbell Row,105,12,115,9,115,8,,,,,
1/25/2024,Lat Pulldown,120,10,140,8,150,4,,,,,
1/25/2024,Bicep Curls,35,7,35,6,,,,,,,
1/25/2024,Hammer Curl,30,7,30,6,,,,,,,
1/25/2024,Rear Delt Fly Machine,90,11,90,8,90,6,,,,,
1/26/2024,Bench Press,190,5,190,3,190,3,190,2,,,
1/26/2024,Dumbbell Shoulder Press,60,7,60,6,60,5,,,,,
1/26/2024,Incline Dumbbell Bench Press,60,6,60,5,,,,,,,
1/26/2024,Lateral Raises,20,16,20,14,20,14,,,,,
1/26/2024,Skullcrushers,50,11,50,10,50,10,,,,,
1/26/2024,Pec Fly Machine,110,8,110,6,,,,,,,
1/27/2024,Pull Ups,0,9,0,6,0,5,,,,,
1/27/2024,Barbell Row,115,10,115,8,115,8,,,,,
1/27/2024,Dumbbell Upright Row,25,15,25,12,25,15,,,,,
1/27/2023,Bicep Curls,35,7,35,6,,,,,,,
1/27/2024,Hammer Curl,30,7,30,7,,,,,,,
1/27/2024,Rear Delt Fly Machine,100,10,100,7,90,8,,,,,
1/28/2024,Bench Press,215,1,220,0,,,,,,,Pr: 215
1/28/2024,Barbell Squat,205,5,205,5,205,4,,,,,
1/28/2024,Single Leg Calf Raises,0,20,0,16,,,,,,,
1/28/2024,Prone Hamstring Curls,110,8,110,6,110,5,,,,,
1/28/2024,Leg Raises,N/A,,,,,,,,,,Partner Ab workout
1/29/2024,Bench Press,190,6,190,5,190,4,,,,,
1/29/2024,Dumbbell Shoulder Press,60,6,60,5,60,5,,,,,
1/29/2024,Lateral Raises,15,25,15,22,15,20,,,,,dropset
1/29/2024,Dips,0,6,0,8,,,,,,,
1/29/2024,Pec Fly Machine,110,7,110,7,110,5,,,,,
1/30/2024,Pull Ups,0,9,0,5,0,6,0,4,,,
1/30/2024,Barbell Row,105,14,105,14,105,12,,,,,
1/30/2024,Dumbbell Upright Row,30,14,30,12,30,12,,,,,
1/30/2024,Bicep Curls,35,8,35,6,,,,,,,
1/30/2024,Hammer Curl,30,6,30,7,,,,,,,
1/30/2024,Rear Delt Fly Machine,100,9,100,7,100,5,,,,,
1/31/2024,Bench Press,195,4,195,2,195,1,195,1,,,
1/31/2024,Dumbbell Shoulder Press,60,7,60,6,60,6,,,,,
1/31/2024,Incline Bench Press,60,7,60,6,,,,,,,
1/31/2024,Lateral Raises,20,18,20,15,20,10,,,,,dropset
1/31/2024,Skullcrushers,50,16,50,8,,,,,,,
1/31/2024,Pec Fly Machine,110,8,110,7,110,5,,,,,
2/1/2024,Pull Ups,0,9,0,6,0,6,0,4,,,
2/1/2024,Barbell Row,115,12,115,11,115,10,,,,,
2/1/2024,Dumbbell Upright Row,35,12,30,14,,,,,,,
2/1/2024,Bicep Curls,35,8,35,7,,,,,,,
2/1/2024,Hammer Curl,35,5,35,5,,,,,,,
2/1/2024,Rear Delt Fly Machine,100,11,100,8,100,7,,,,,
2/2/2024,Barbell Squat,210,4,210,4,210,3,,,,,
2/2/2024,Single Leg Calf Raises,0,20,0,20,0,15,,,,,
2/2/2024,Prone Hamstring Curls,110,10,110,5,110,4,,,,,
2/2/2024,Leg Raises,0,15,0,10,,,,,,,
2/4/2024,Bench Press,195,2,195,3,,,,,,,
2/4/2024,Dumbbell Shoulder Press,60,7,60,7,60,6,60,5,,,
2/4/2024,Incline Dumbbell Bench Press,60,6,60,60,4,,,,,,
2/4/2024,Lateral Raises,20,16,20,15,15,20,,,,,drop set
2/4/2024,Skullcrushers,50,15,50,10,50,10,,,,,
2/4/2024,Pec Fly Machine,110,7,110,6,110,5,,,,,
2/6/2024,Pull Ups,0,9,0,7,0,4,,,,,
2/6/2024,Barbell Row,120,10,120,11,,,,,,,
2/6/2024,Lat Pulldown,130,12,140,8,,,,,,,
2/6/2024,Dumbbell Upright Row,35,12,30,14,,,,,,,
2/6/2024,Bicep Curls,35,7,35,6,,,,,,,
2/6/2024,Hammer Curl,30,9,30,5,,,,,,,
2/6/2024,Rear Delt Fly Machine,100,10,100,7,100,6,,,,,
2/7/2024,Bench Press,195,3,185,5,185,3,,,,,
2/7/2024,Dumbbell Shoulder Press,60,7,60,6,60,7,,,,,
2/7/2024,Incline Dumbbell Bench Press,60,5,60,6,,,,,,,
2/7/2024,Lateral Raises,20,15,20,14,20,10,,,,,super drop
2/7/2024,Pec Fly Machine,110,10,110,8,110,3,,,,,
2/8/2024,Pull Ups,0,10,0,8,0,6,0,5,,,
2/8/2024,Barbell Row,125,8,125,7,125,8,,,,,
2/8/2024,Dumbbell Upright Row,30,15,30,14,,,,,,,
2/8/2024,Bicep Curls,35,9,35,7,,,,,,,
2/8/2024,Hammer Curl,35,6,35,3,,,,,,,
2/8/2024,Rear Delt Fly Machine,105,10,105,7,105,6,,,,,
2/9/2024,Barbell Squat,210,4,210,4,210,4,,,,,
2/9/2024,Prone Hamstring Curls,115,7,115,6,115,4,,,,,
2/9/2024,Single Leg Calf Raises,0,22,0,20,0,18,,,,,
2/9/2024,Horizontal Leg Press Machine,310,10,310,8,,,,,,,
2/9/2024,Leg Raises,0,12,0,10,0,8,,,,,
2/10/2024,Bench Press,220,1,190,5,190,3,190,2,,,PR: 220
2/10/2024,Dumbbell Shoulder Press,60,7,60,6,60,6,,,,,
2/10/2024,Incline Dumbbell Bench Press,60,5,60,4,,,,,,,
2/10/2024,Lateral Raises,20,18,20,14,20,10,,,,,super drop
2/10/2024,Skullcrushers,50,15,50,12,,,,,,,
2/10/2024,Pec Fly Machine,110,9,110,7,,,,,,,
2/12/2024,Pull Ups,0,9,0,7,0,5,0,6,,,
2/12/2024,Lat Pulldown,130,8,130,8,,,,,,,
2/12/2024,Row Machine,190,6,190,6,,,,,,,
2/12/2024,Dumbbell Upright Row,30,17,30,14,30,12,,,,,
2/12/2024,Bicep Curls,35,7,35,7,35,5,,,,,
2/12/2024,Rear Delt Fly Machine,110,8,110,7,,,,,,,
2/13/2024,Bench Press,195,4,195,3,195,2,195,2,,,
2/13/2024,Dumbbell Shoulder Press,65,5,65,4,65,4,65,3,,,
2/13/2024,Lateral Raises,20,18,20,16,20,12,,,,,super drop
2/13/2024,Skullcrushers,55,12,55,12,,,,,,,
2/13/2024,Pec Fly Machine,110,10,110,10,110,7,,,,,
2/14/2024,Pull Ups,0,10,0,7,0,6,0,5,,,
2/14/2024,Barbell Row,125,9,125,9,125,8,,,,,
2/14/2024,Lat Pulldown,140,10,140,8,,,,,,,
2/14/2024,Dumbbell Upright Row,35,12,35,11,35,10,,,,,
2/14/2024,Bicep Curls,35,8,35,6,35,6,,,,,
2/14/2024,Rear Delt Fly Machine,110,9,110,6,,,,,,,
2/15/2024,Barbell Squat,215,3,215,3,215,3,,,,,
2/15/2024,Prone Hamstring Curls,115,6,115,5,115,4,,,,,
2/15/2024,Single Leg Calf Raises,0,25,0,20,0,16,,,,,
2/15/2024,Leg Raises,0,12,0,10,0,10,,,,,
2/19/2024,Pull Ups,0,10,0,7,0,6,,,,,
2/19/2024,Barbell Row,125,8,125,9,125,7,,,,,
2/19/2024,Bicep Curls,35,9,35,6,,,,,,,
2/19/2024,Hammer Curl,30,8,30,7,,,,,,,
2/19/2024,Lat Pulldown,150,8,140,8,140,8,,,,,
2/20/2024,Bench Press,195,4,195,3,195,4,195,3,,,
2/20/2024,Dumbbell Shoulder Press,65,5,65,4,65,4,,,,,
2/20/2024,Lateral Raises,20,18,20,16,20,10,,,,,superdrop
2/20/2024,Skullcrushers,55,12,55,10,55,9,,,,,
2/20/2024,Pec Fly Machine,110,9,110,10,,,,,,,
2/21/2024,Pull Ups,0,10,0,6,0,6,0,5,,,
2/21/2024,Barbell Row,125,9,125,8,125,8,,,,,
2/21/2024,Barbell Upright Row,65,12,75,11,75,10,,,,,
2/21/2024,Bicep Curls,35,8,35,7,,,,,,,
2/21/2024,Hammer Curl,35,5,35,5,,,,,,,
2/22/2024,Bench Press,195,3,185,4,185,2,,,,,225 Fail
2/22/2024,Dumbbell Shoulder Press,60,6,60,5,60,4,,,,,
2/22/2024,Skullcrushers,55,16,60,11,60,8,,,,,
2/22/2024,Lateral Raises,20,16,20,12,20,10,,,,,superdrop 
2/22/2024,Pec Fly Machine,110,9,110,7,110,7,,,,,
2/26/2024,Bench Press,195,3,195,3,195,3,195,1,,,
2/26/2024,Dumbbell Shoulder Press,60,5,60,6,60,4,,,,,
2/26/2024,Lateral Raises,20,16,20,12,20,12,,,,,dropset
2/26/2024,Skullcrushers,55,16,55,14,,,,,,,
2/26/2024,Pec Fly Machine,110,10,110,7,110,7,,,,,
2/27/2024,Pull Ups,0,9,0,6,0,6,0,6,,,
2/27/2024,Barbell Row,125,9,125,8,125,7,,,,,
2/27/2024,Dumbbell Upright Row,35,12,35,9,35,10,,,,,
2/27/2024,Bicep Curls,35,7,35,6,,,,,,,
2/27/2024,Hammer Curl,35,5,35,5,,,,,,,
2/27/2024,Rear Delt Fly Machine,110,9,110,7,110,5,,,,,
2/29/2024,Horizontal Leg Press Machine,330,8,330,6,330,5,330,5,,,
2/29/2024,Prone Hamstring Curls,115,7,115,5,115,4,,,,,
2/29/2024,Single Leg Calf Raises,0,25,0,20,,,,,,,
2/29/2024,Leg Raises,0,12,0,10,0,10,,,,,
3/2/2024,Bench Press,195,4,195,2,185,3,,,,,225 failed
3/2/2024,Dumbbell Shoulder Press,60,6,60,6,60,6,60,6,,,
3/2/2024,Lateral Raises,20,14,20,10,20,10,,,,,"controlled eccentric, dropset"
3/2/2024,Skullcrushers,60,12,60,8,,,,,,,
3/2/2024,Pec Fly Machine,110,9,110,8,110,7,,,,,
3/3/2024,Pull Ups,0,9,0,8,0,6,0,5,,,
3/3/2024,Barbell Row,125,9,125,8,125,8,,,,,
3/3/2024,Dumbbell Upright Row,35,10,35,10,,,,,,,
3/3/2024,Bicep Curls,35,7,35,6,,,,,,,
3/3/2024,Hammer Curl,35,4,30,6,,,,,,,
3/3/2024,Rear Delt Fly Machine,110,9,110,6,100,7,,,,,
3/5/2024,Bench Press,200,3,200,2,185,3,185,2,,,
3/5/2024,Dumbbell Shoulder Press,65,3,65,3,65,2,,,,,
3/5/2024,Lateral Raises,20,15,20,12,20,10,,,,,dropset
3/5/2024,Pec Fly Machine,110,7,110,8,110,6,,,,,
3/6/2024,Pull Ups,0,10,0,6,0,6,0,5,,,
3/6/2024,Barbell Row,125,9,125,8,125,,,,,,
3/6/2024,Dumbbell Upright Row,35,10,35,9,35,9,,,,,
3/6/2024,Bicep Curls,35,8,35,7,,,,,,,
3/6/2024,Hammer Curl,30,7,30,7,,,,,,,
3/6/2024,Rear Delt Fly Machine,110,9,110,7,110,5,,,,,
3/9/2024,Bench Press,200,4,200,2,195,3,195,3,,,
3/9/2024,Dumbbell Shoulder Press,60,6,60,5,60,5,,,,,
3/9/2024,Lateral Raises,20,14,20,12,20,8,,,,,dropset
3/9/2024,Dips,0,8,,,,,,,,,
3/11/2024,Barbell Squat,205,3,205,3,205,4,,,,,
3/11/2024,Horizontal Leg Press Machine,330,6,330,4,,,,,,,
3/11/2024,Prone Hamstring Curls,115,6,115,5,115,4,,,,,
3/11/2024,Single Leg Calf Raises,0,20,0,20,,,,,,,
3/11/2024,Leg Raises,0,8,0,2,,,,,,,partner push down
3/13/2024,Pull Ups,0,10,0,6,0,6,0,5,,,
3/13/2024,Row Machine,170,10,170,10,170,10,,,,,
3/13/2024,Dumbbell Upright Row,35,10,35,10,,,,,,,
3/13/2024,Bicep Curls,35,7,35,6,,,,,,,
3/13/2024,Hammer Curl,30,7,30,6,,,,,,,
3/13/2024,Rear Delt Fly Machine,110,9,110,8,,,,,,,
3/16/2024,Bench Press,200,3,195,3,195,2,185,2,,,
3/16/2024,Dumbbell Shoulder Press,60,8,60,7,60,5,60,5,,,
3/16/2024,Lateral Raises,20,12,20,10,15,18,,,,,
3/16/2024,Supported Incline Cable Flies,12.5,15,15,10,15,10,,,,,
3/16/2024,Horizontal Cable Lateral Raise,10,9,10,9,,,,,,,
3/16/2024,Tricep Pushdown,47.5,10,40,8,,,,,,,
3/17/2024,Pull Ups,0,7,0,6,0,4,0,4,,,
3/17/2024,Row Machine,180,10,190,9,200,10,,,,,
3/17/2024,Dumbbell Upright Row,35,12,35,11,35,10,,,,,
3/17/2024,Bicep Curls,35,6,35,6,,,,,,,
3/17/2024,Hammer Curl,35,4,30,9,,,,,,,
3/17/2024,Rear Delt Cable Flies,15,9,15,9,15,9,,,,,
3/18/2024,Barbell Squat,185,5,185,5,185,4,,,,,
3/18/2024,Hamstring Curl Machine,120,8,120,8,120,8,,,,,
3/18/2024,Quad Extension Machine,170,8,170,6,,,,,,,
3/18/2024,Calf Raises,0,25,0,22,,,,,,,
3/18/2024,Captain's Chair Hanging Leg Raises,0,12,0,12,0,10,,,,,
3/20/2024,Bench Press,205,2,200,2,200,1,,,,,
3/20/2024,Incline Dumbbell Bench Press,70,6,70,5,,,,,,,
3/20/2024,Dumbbell Shoulder Press,60,6,60,6,60,5,,,,,
3/20/2024,Lateral Raises,20,14,20,10,15,15,,,,,
3/20/2024,Horizontal Cable Lateral Raise,10,9,10,10,10,12,,,,,
3/20/2024,Dips,0,10,0,11,,,,,,,
3/21/2024,Pull Ups,0,8,0,6,0,5,0,5,,,
3/21/2024,Row Machine,200,10,200,10,200,8,,,,,
3/21/2024,Dumbbell Upright Row,35,11,35,10,35,8,,,,,
3/21/2024,Bicep Curls,35,9,35,7,,,,,,,
3/21/2024,Hammer Curl,35,4,30,7,,,,,,,
3/21/2024,Rear Delt Cable Flies,17.5,7,17.5,7,17.5,6,,,,,
3/23/2024,Bench Press,205,3,205,2,195,2,185,3,,,
3/23/2024,Dumbbell Shoulder Press,60,7,60,7,60,6,,,,,
3/23/2024,Lateral Raises,20,13,20,14,20,10,,,,,
3/23/2024,Supported Incline Cable Flies,15,11,15,11,,,,,,,
3/23/2024,Horizontal Cable Lateral Raise,10,12,10,12,10,12,,,,,
3/26/2024,Pull Ups,0,9,0,7,0,5,0,5,,,
3/26/2024,Barbell Row,125,9,125,7,125,6,,,,,
3/26/2024,Dumbbell Upright Row,40,8,40,6,,,,,,,
3/26/2024,Incline Bicep Curls,35,4,30,7,,,,,,,
3/26/2024,Hammer Curl,30,8,30,7,,,,,,,
3/26/2024,Rear Delt Fly Machine,110,9,110,7,110,6,,,,,
3/27/2024,Barbell Squat,185,6,185,6,185,6,185,6,,,
3/27/2024,Horizontal Leg Press Machine,330,6,330,6,,,,,,,"3, 1"
3/27/2024,Prone Hamstring Curls,115,7,115,6,115,4,,,,,
3/27/2024,Single Leg Calf Raises,22,20,22,18,,,,,,,
3/27/2024,Leg Raises,0,15,0,12,0,12,,,,,
3/28/2024,Bench Press,205,3,205,3,205,1,185,5,,,
3/28/2024,Dumbbell Shoulder Press,60,8,60,6,60,5,,,,,
3/28/2024,Skullcrushers,60,12,60,12,60,10,,,,,
3/28/2024,Lateral Raise Machine,70,10,70,7,70,6,,,,,
3/28/2024,Pec Fly Machine,110,8,110,6,110,5,,,,,
3/30/2024,Pull Ups,0,9,0,8,0,6,0,4,,,
3/30/2024,Barbell Row,130,7,130,7,,,,,,,
3/30/2024,Dumbbell Upright Row,35,12,35,9,,,,,,,
3/30/2024,Bicep Curls,35,7,35,5,,,,,,,
3/30/2024,Hammer Curl,30,8,30,6,,,,,,,
3/30/2024,Rear Delt Cable Flies (Blom),3,9,3,8,3,8,,,,,
3/31/2024,Bench Press,205,3,185,6,185,4,135,13,,,
3/31/2024,Dumbbell Shoulder Press,55,7,55,6,55,6,,,,,
3/31/2024,Pec Fly Machine,115,8,115,8,115,6,,,,,
3/31/2024,Tricep Pushdown,57.5,10,57.5,8,57.5,8,,,,,dropset
3/31/2024,Horizontal Cable Lateral Raise,12.5,9,12.5,8,10.5,12,,,,,
4/2/2024,Barbell Squat,205,3,205,3,205,3,,,,,
4/2/2024,Horizontal Leg Press Machine,330,7,330,6,330,4,,,,,
4/2/2024,Calf Extension Machine,90,15,120,14,120,15,,,,,
4/2/2024,Prone Hamstring Curls,120,6,120,4,,,,,,,
4/2/2024,Leg Raises,0,15,0,12,0,10,,,,,
4/4/2024,Pull Ups,0,11,0,8,0,6,0,6,,,
4/4/2024,Barbell Row,130,8,130,7,,,,,,,
4/4/2024,Dumbbell Upright Row,35,12,35,9,,,,,,,
4/4/2024,Bicep Curls,35,9,35,6,,,,,,,
4/4/2024,Hammer Curl,30,7,30,5,,,,,,,
4/4/2024,Rear Delt Fly Machine,110,8,90,12,90,7,,,,,
4/5/2024,Bench Press,205,2,185,6,185,5,185,5,,,
4/5/2024,Dumbbell Shoulder Press,60,7,60,6,60,4,,,,,
4/5/2024,Chest Supported Lateral Raises,15,14,15,10,,,,,,,
4/5/2024,Lateral Raises,15,16,15,18,,,,,,,
4/5/2024,Tricep Pushdown,60,12,60,12,,,,,,,blom lat pulldown
4/5/2024,Pec Fly Machine,120,5,110,7,110,6,,,,,
4/6/2024,Pull Ups,0,11,0,7,0,7,0,4,,,
4/6/2024,Barbell Row,135,7,135,7,135,8,,,,,
4/6/2024,Dumbbell Upright Row,35,12,35,12,,,,,,,
4/6/2024,Bicep Curls,35,8,35,6,,,,,,,
4/6/2024,Hammer Curl,30,8,30,7,,,,,,,
4/6/2024,Rear Delt Fly Machine,90,12,90,10,90,10,,,,,
4/7/2024,Bench Press,205,1,,,,,,,,,225 fail
4/7/2024,Dumbbell Shoulder Press,60,8,60,7,60,6,,,,,
4/7/2024,Incline Dumbbell Bench Press,60,7,60,6,60,6,,,,,
4/7/2024,Lateral Raises,20,14,20,12,20,12,,,,,
4/7/2024,Tricep Pushdown,70,10,70,6,,,,,,,blom lat pulldown
4/7/2024,Pec Fly Machine,110,9,110,7,110,6,,,,,
4/9/2024,Prone Hamstring Curls,120,7,120,6,110,6,,,,,
4/9/2024,Horizontal Leg Press Machine,330,8,330,7,330,6,,,,,
4/9/2024,Single Leg Calf Raises,44,16,44,14,,,,,,,
4/9/2024,Leg Raises,0,16,0,16,0,10,,,,,
4/11/2024,Pull Ups,0,11,0,8,0,6,0,5,,,
4/11/2024,Barbell Row,135,7,135,8,135,6,,,,,
4/11/2024,Dumbbell Upright Row,35,12,35,12,,,,,,,
4/11/2024,Bicep Curls,35,7,35,6,,,,,,,
4/11/2024,Hammer Curl,30,7,30,6,,,,,,,
4/12/2024,Bench Press,185,6,185,5,185,5,,,,,
4/12/2024,Dumbbell Shoulder Press,60,8,60,7,60,5,,,,,
4/12/2024,Incline Dumbbell Bench Press,60,6,60,5,,,,,,,
4/12/2024,Lateral Raises,20,16,20,14,20,10,,,,,dropset
4/12/2024,Tricep Pushdown,70,11,70,9,,,,,,,blom lat
4/12/2024,Dips,0,8,0,4,,,,,,,
4/13/2023,Pull Ups,0,10,0,8,0,6,0,5,,,
4/13/2024,Barbell Row,135,8,135,7,135,6,,,,,
4/13/2024,Dumbbell Upright Row,35,13,35,9,35,11,,,,,
4/13/2024,Bicep Curls,35,7,35,6,,,,,,,
4/13/2024,Hammer Curl,35,4,35,4,,,,,,,
4/13/2024,Rear Delt Cable Flies (Blom),3,10,3,8,3,7,,,,,
4/15/2024,Dumbbell Bench Press,65,7,65,7,65,8,65,6,,,
4/15/2024,Dumbbell Shoulder Press,65,4,60,6,60,5,60,4,,,
4/15/2024,Lateral Raises,20,14,20,16,20,14,,,,,dropset
4/15/2024,Dips,0,6,0,5,0,5,,,,,
4/16/2024,Barbell Squat,185,5,185,5,185,5,,,,,
4/16/2024,Horizontal Leg Press Machine,330,5,330,6,,,,,,,
4/16/2024,Prone Hamstring Curls,120,8,120,4,,,,,,,
4/16/2024,Calf Extension Machine,130,15,130,16,,,,,,,
4/16/2024,Leg Raises,0,15,0,12,0,10,,,,,
4/18/2024,Pull Ups,0,11,0,8,0,6,0,5,,,
4/18/2024,Barbell Row,135,8,135,6,135,5,,,,,
4/18/2024,Dumbbell Upright Row,40,11,40,9,35,10,,,,,
4/18/2024,Bicep Curls,35,9,35,8,,,,,,,
4/18/2024,Hammer Curl,30,8,30,6,,,,,,,
4/19/2024,Incline Dumbbell Bench Press,60,12,60,11,60,9,60,11,,,
4/19/2024,Dumbbell Shoulder Press,60,6,60,6,60,5,,,,,
4/19/2024,Lateral Raises,20,16,20,16,20,12,,,,,dropset
4/19/2024,Skullcrushers,65,6,65,5,,,,,,,
4/19/2024,Pec Fly Machine,110,8,110,8,110,6,,,,,
4/19/2024,Dips,0,7,0,5,,,,,,,
4/20/2024,Pull Ups,0,11,0,8,0,7,0,5,,,
4/20/2024,Barbell Row,135,6,135,5,135,5,,,,,
4/20/2024,Dumbbell Upright Row,40,10,35,10,,,,,,,
4/20/2024,Bicep Curls,35,8,35,8,,,,,,,
4/20/2024,Hammer Curl,30,8,30,7,,,,,,,
4/20/2024,Rear Delt Fly Machine,90,9,90,8,90,6,,,,,
4/22/2024,Lateral Raises,20,20,20,18,20,14,,,,,superdrop
4/22/2024,Incline Dumbbell Bench Press,65,9,65,8,65,9,,,,,
4/22/2024,Dumbbell Shoulder Press,60,6,60,6,60,5,,,,,
4/22/2024,Dumbbell Skullcrushers,25,8,25,8,,,,,,,
4/22/2024,Dips,0,8,0,8,,,,,,,
4/22/2024,Pec Fly Machine,110,7,110,6,,,,,,,
4/23/2024,Leg Press Machine,330,12,340,8,340,7,340,7,,,
4/23/2024,Prone Hamstring Curls,120,7,120,4,120,5,,,,,
4/23/2024,Calf Extension Machine,150,14,150,12,150,14,,,,,
4/23/2024,Leg Raises,0,16,0,12,0,6,,,,,
4/25/2024,Pull Ups,0,11,0,8,0,7,0,6,,,
4/25/2024,Barbell Row,135,5,135,6,135,6,,,,,
4/25/2024,Dumbbell Upright Row,40,10,40,8,,,,,,,
4/25/2024,Bicep Curls,35,9,35,7,35,6,,,,,
4/25/2024,Rear Delt Cable Flies (Blom),3,9,3,8,3,6,,,,,
4/26/2024,Incline Dumbbell Bench Press,70,8,70,8,70,5,,,,,
4/26/2024,Dumbbell Shoulder Press,60,7,60,7,60,6,60,5,,,
4/26/2024,Lateral Raises,20,18,20,16,20,12,,,,,dropset
4/26/2024,Dumbbell Skullcrushers,20,6,20,9,,,,,,,
4/26/2024,Pec Fly Machine,110,8,110,9,110,10,,,,,
4/27/2024,Pull Ups,0,12,0,7,0,7,0,6,,,
4/27/2024,Barbell Row,135,6,135,8,,,,,,,
4/27/2024,Dumbbell Upright Row,35,13,35,10,,,,,,,
4/27/2024,Bicep Curls,35,8,35,7,35,7,,,,,
4/27/2024,Hammer Curl,30,7,,,,,,,,,
4/27/2024,Rear Delt Fly Machine,90,8,90,8,,,,,,,
4/30/2024,Dumbbell Shoulder Press,60,9,60,8,60,7,60,7,,,
4/30/2024,Incline Dumbbell Bench Press,70,5,70,5,70,5,,,,,
4/30/2024,Lateral Raises,20,18,20,16,20,12,,,,,dropset
4/30/2024,Skullcrushers,60,9,60,8,,,,,,,
4/30/2024,Dips,0,9,0,8,,,,,,,
5/2/2024,Barbell Squat,185,4,185,4,185,5,,,,,
5/2/2024,Calf Extension Machine,190,14,190,14,,,,,,,
5/2/2024,Prone Hamstring Curls,120,6,120,4,120,4,,,,,
5/2/2024,Leg Raises,0,18,0,12,0,10,,,,,
5/4/2024,Pull Ups,0,10,0,8,0,7,0,5,0,3,
5/4/2024,Dumbbell Upright Row,40,10,40,10,40,10,,,,,
5/4/2024,Row Machine,200,10,200,6,,,,,,,
5/4/2024,Bicep Curls,35,9,35,7,35,6,,,,,
5/4/2024,Hammer Curl,30,7,,,,,,,,,
5/4/2024,Rear Delt Cable Flies,12.5,11,12.5,8,12.5,8,,,,,
5/6/2024,Incline Dumbbell Bench Press,70,9,70,7,70,6,70,5,,,
5/6/2024,Dumbbell Shoulder Press,60,8,60,7,60,6,60,5,,,
5/6/2024,Lateral Raises,20,18,20,14,20,13,,,,,
5/6/2024,Dips,0,8,0,6,,,,,,,
5/7/2024,Pull Ups,0,11,0,7,0,6,0,5,,,
5/7/2024,Barbell Row,135,7,135,7,,,,,,,
5/7/2024,Dumbbell Upright Row,45,6,40,9,40,8,,,,,
5/7/2024,Bicep Curls,35,10,35,7,,,,,,,
5/7/2024,Hammer Curl,30,7,30,6,,,,,,,
5/7/2024,Rear Delt Fly Machine,90,8,90,8,90,8,,,,,
5/9/2024,Barbell Squat,185,5,185,5,185,4,,,,,
5/9/2024,Leg Press Machine,340,3,330,5,,,,,,,
5/9/2024,Prone Hamstring Curls,120,7,120,5,120,5,,,,,
5/9/2024,Leg Raises,0,15,0,12,0,10,,,,,
5/10/2024,Pull Ups,0,10,0,6,,,,,,,
5/11/2024,Pull Ups,0,11,0,7,0,7,0,5,,,
5/11/2024,Barbell Row,135,8,135,7,,,,,,,
5/11/2024,Dumbbell Upright Row,40,10,40,9,40,9,,,,,
5/11/2024,Bicep Curls,35,8,35,7,,,,,,,
5/11/2024,Hammer Curl,30,6,30,7,,,,,,,
5/11/2024,Rear Delt Cable Flies (Blom),3,8,3,8,3,6,,,,,
5/18/2024,Pull Ups,0,11,0,7,0,7,0,5,0,6,
5/18/2024,Dumbbell Upright Row,40,8,40,7,35,11,35,10,,,
5/18/2024,Bicep Curls,35,7,35,6,35,4,,,,,
5/20/2024,Dumbbell Shoulder Press,65,7,65,6,65,5,65,4,,,
5/20/2024,Incline Dumbbell Bench Press,70,6,70,5,70,4,,,,,
5/20/2024,Lateral Raises,20,13,20,11,20,12,15,12,,,
5/20/2024,Dips,0,9,0,8,0,8,,,,,
5/21/2024,Barbell Squat,205,3,205,1,135,10,135,8,,,
5/21/2024,Prone Hamstring Curls,120,5,120,3,110,4,,,,,
5/21/2024,Single Leg Calf Raises,53,12,0,25,,,,,,,
5/21/2024,Hanging Knee Raises,0,12,0,8,,,,,,,
5/21/2024,Hanging Leg Raises,0,5,0,6,,,,,,,poor form
5/23/2024,Pull Ups,0,11,0,8,,,,,,,
5/23/2024,Front Pulldown,90,15,90,14,90,,,,,,
5/23/2024,Single Arm Chest Supported Row Machine,135,14,135,15,160,,,,,,
5/23/2024,Bicep Curls,35,7,35,7,,,,,,,
5/23/2024,Rear Delt Cable Flies,12.5,10,12.5,8,,,,,,,
5/25/2024,Military Press,95,7,95,7,95,3,,,,,
5/25/2024,Dumbbell Shoulder Press,65,3,65,5,65,4,,,,,
5/25/2024,Lateral Raises,20,16,20,14,20,12,,,,,dropset
5/25/2024,Horizontal Cable Lateral Raise (Blom),2,9,2,10,2,10,2,7,,,
5/25/2024,Rear Delt Cable Flies (Blom),3,6,3,6,,,,,,,
5/28/2024,Pull Ups,0,11,0,8,0,5,0,3,,,
5/28/2024,Barbell Row,135,6,135,6,135,6,,,,,
5/28/2024,Dumbbell Upright Row,40,10,40,8,,,,,,,
5/28/2024,Bicep Curls,35,7,35,5,,,,,,,
5/28/2024,Hammer Curl,30,6,30,6,,,,,,,
5/28/2024,Rear Delt Cable Flies (Blom),3,8,3,8,,,,,,,
5/29/2024,Incline Dumbbell Bench Press,70,7,70,6,70,5,,,,,
5/29/2024,Dumbbell Shoulder Press,65,4,60,6,60,6,60,4,,,
5/29/2024,Lateral Raises,20,16,20,14,20,12,,,,,dropset
5/29/2024,Pec Fly Machine,110,7,110,6,110,5,,,,,
5/29/2024,Dips,0,4,0,4,,,,,,,
5/30/2024,Front Pulldown,140,8,140,9,140,10,,,,,
5/30/2024,Single Arm Chest Supported Row Machine,160,10,160,10,160,12,,,,,
5/30/2024,Cable Row,35,25,50,12,50,13,,,,,
5/30/2024,Bicep Curls,35,6,35,6,35,,,,,,
5/30/2024,Pull Ups,0,5,0,4,0,2,,,,,
5/30/2024,Rear Delt Cable Flies,12.5,11,,,,,,,,,
6/1/2024,Barbell Squat,205,1,185,4,185,4,,,,,
6/1/2024,Leg Press Machine,330,4,330,3,,,,,,,
6/1/2024,Prone Hamstring Curls,110,8,110,6,110,4,,,,,
6/1/2024,Leg Raises,0,18,0,12,0,12,,,,,
6/2/2024,Military Press,95,7,95,5,95,5,95,5,,,
6/2/2024,Dumbbell Shoulder Press,60,7,60,7,60,6,60,5,,,
6/2/2024,Lateral Raises,20,16,20,12,20,10,,,,,superdrop
6/3/2024,Pull Ups,0,12,0,5,0,5,0,4,0,3,pause at top
6/3/2024,Barbell Row,135,6,135,7,135,8,,,,,
6/3/2024,Dumbbell Upright Row,40,10,40,12,,,,,,,
6/3/2024,Rear Delt Cable Flies (Blom),3,8,3,8,3,8,,,,,
6/3/2024,Bicep Curls,35,7,35,5,35,5,,,,,
6/4/2024,Bench Press,185,5,185,5,185,4,135,14,,,
6/4/2024,Tricep Extensions,42.5,8,42.5,8,42.5,8,,,,,
6/4/2024,Lateral Raises,15,20,15,16,15,14,,,,,
6/7/2024,Pull Ups,0,12,0,6,0,3,,,,,
6/7/2024,Front Pulldown,140,9,140,8,140,9,140,8,,,
6/7/2024,Bicep Curls,35,8,35,8,35,6,,,,,
6/7/2024,Single Arm Chest Supported Row Machine,160,12,160,12,,,,,,,
6/9/2024,Bench Press,185,6,185,5,185,4,135,14,,,
6/9/2024,Dumbbell Shoulder Press,65,2,60,5,60,5,60,4,,,
6/9/2024,Lateral Raises,20,18,20,15,20,14,,,,,superdrop
6/9/2024,Tricep Pushdown,44,8,44,6,44,6,,,,,
6/9/2024,Cable Fly,22.5,9,22.5,6,,,,,,,
6/11/2024,Pull Ups,0,9,0,7,0,4,0,3,,,
6/11/2024,Barbell Row,135,6,135,5,,,,,,,
6/11/2024,Row Machine,200,10,200,8,,,,,,,
6/11/2024,Dumbbell Upright Row,40,10,40,9,,,,,,,
6/11/2024,Bicep Curls,35,7,35,6,35,6,,,,,
6/11/2024,Rear Delt Cable Flies,12.5,10,12.5,7,12.5,7,,,,,
6/12/2024,Quad Extension Machine,170,8,160,8,160,10,160,8,,,
6/12/2024,Hamstring Curl Machine,130,5,120,8,120,4,,,,,
6/12/2024,Barbell Squat,135,8,135,10,185,3,,,,,
6/12/2024,Captain's Chair Hanging Leg Raises,0,12,0,12,,,,,,,
6/12/2024,Leg Raises,0,16,0,12,0,12,,,,,
6/14/2024,Incline Bench Press,135,12,155,7,155,6,135,9,,,
6/14/2024,Dumbbell Shoulder Press,60,5,60,6,60,4,,,,,
6/14/2024,Lateral Raises,20,14,20,13,20,12,,,,,superdrop
6/14/2024,Horizontal Cable Lateral Raise,10,5,7.5,11,,,,,,,
6/14/2024,Tricep Pushdown,44,8,44,5,44,7,,,,,
6/14/2024,Cable Fly,22.5,10,22.5,8,,,,,,,
6/15/2024,Pull Ups,0,10,0,6,0,5,0,3,,,
6/15/2024,Row Machine,210,8,210,8,210,6,,,,,
6/15/2024,Dumbbell Upright Row,40,11,40,10,,,,,,,
6/15/2024,Bicep Curls,35,7,35,5,35,5,,,,,
6/15/2024,Rear Delt Cable Flies,12.5,10,12.5,7,12.5,6,,,,,
6/16/2024,Military Press,95,6,95,6,95,5,95,4,,,
6/16/2024,Dumbbell Shoulder Press,65,5,65,3,50,10,,,,,
6/16/2024,Lateral Raises,20,14,20,12,20,10,,,,,superdrop
6/16/2024,Horizontal Cable Lateral Raise,10,9,10,8,10,7,,,,,
6/16/2024,Rear Delt Cable Flies,12.5,7,12.5,6,12.5,5,,,,,
6/18/2024,Pull Ups,0,9,0,7,0,5,0,5,,,
6/18/2024,Row Machine,220,7,210,8,,,,,,,
6/18/2024,Dumbbell Upright Row,40,11,40,9,40,8,,,,,
6/18/2024,Bicep Curls,35,6,35,7,35,6,,,,,
6/18/2024,Rear Delt Cable Flies,12.5,11,12.5,8,12.5,7,,,,,
6/19/2024,Horizontal Leg Press Machine,330,12,350,8,350,8,,,,,
6/19/2024,Prone Hamstring Curls,110,6,110,5,110,5,,,,,
6/19/2024,Quad Extension Machine,170,8,170,7,170,6,,,,,
6/19/2024,Leg Raises,0,16,0,12,0,12,,,,,
6/22/2024,Bench Press,185,7,185,6,185,4,160,8,,,
6/22/2024,Dumbbell Shoulder Press,65,4,60,6,60,4,,,,,
6/22/2024,Lateral Raises,20,16,20,16,25,10,,,,,superdrop
6/22/2024,Decline Cable Flies,27.5,8,29,6,29,6,,,,,
6/22/2024,Tricep Pushdown,44,5,44,7,44,8,,,,,
6/23/2024,Pull Ups,0,10,0,7,0,6,0,5,0,5,
6/23/2024,Row Machine,220,6,210,9,210,8,,,,,
6/23/2024,Dumbbell Upright Row,45,8,40,10,,,,,,,
6/23/2024,Bicep Curls,35,7,35,6,35,5,,,,,
6/23/2024,Rear Delt Cable Flies,15,10,15,7,15,6,,,,,
6/25/2024,Incline Bench Press,155,8,155,7,155,6,155,6,,,
6/25/2024,Dumbbell Shoulder Press,60,7,60,6,60,4,,,,,
6/25/2024,Lateral Raises,25,12,25,12,25,8,,,,,superdrop
6/25/2024,Tricep Pushdown,47.5,6,42.5,7,42.5,7,,,,,
6/25/2024,Horizontal Cable Lateral Raise,12.5,7,12.5,6,,,,,,,
6/25/2024,Decline Cable Flies,29,5,29,7,,,,,,,
6/26/2024,Pull Ups,0,11,0,7,0,6,0,4,0,4,
6/26/2024,Row Machine,220,6,220,7,,,,,,,
6/26/2024,Dumbbell Upright Row,45,8,40,9,40,9,,,,,
6/26/2024,Bicep Curls,35,8,35,7,35,5,,,,,
6/26/2024,Rear Delt Cable Flies,17.5,6,17.5,7,17.5,6,,,,,
7/8/2024,Pull Ups,0,9,0,6,0,5,0,5,,,
7/8/2024,Push Ups,0,32,0,20,0,20,,,,,
7/8/2024,Dumbbell Upright Row,40,11,40,8,40,7,,,,,
7/8/2024,Lateral Raises,20,12,20,10,20,12,,,,,
7/8/2024,Bicep Curls,35,8,35,5,,,,,,,
7/8/2024,Tricep Pushdown,,,,,,,,,,,
7/8/2024,Pec Fly Machine,100,6,100,,,,,,,,
7/9/2024,Smith Machine Incline Bench Press,135,10,155,8,155,8,155,8,,,
7/9/2024,Lat Pulldown,135,8,135,8,135,6,,,,,
7/9/2024,Dumbbell Shoulder Press,50,4,50,8,50,7,,,,,
7/9/2024,Cable Row,150,14,150,14,150,12,,,,,
7/9/2024,Pec Fly Machine,80,6,80,6,,,,,,,
7/14/2024,Bench Press,185,6,185,3,175,5,155,8,,,
7/14/2024,Dumbbell Shoulder Press,60,6,60,6,60,6,60,6,,,
7/14/2024,Lateral Raises,25,12,25,10,25,8,,,,,
7/14/2024,Cable Fly,29,5,29,5,29,5,,,,,
7/14/2024,Tricep Extensions,47.5,9,47.5,7,47.5,8,,,,,
7/17/2024,Pull Ups,0,10,0,6,0,6,0,4,0,4,
7/17/2024,Row Machine,220,5,210,7,210,6,,,,,
7/17/2024,Dumbbell Upright Row,45,8,45,8,,,,,,,
7/17/2024,Bicep Curls,35,7,35,6,35,6,,,,,
7/17/2024,Rear Delt Cable Flies,17.5,6,17.5,5,15,6,,,,,
7/18/2024,Barbell Squat,185,3,185,3,185,3,,,,,
7/18/2024,Hamstring Curl Machine,130,8,130,7,130,6,,,,,
7/18/2024,Leg Raises,0,15,0,12,0,12,,,,,
7/21/2024,Bench Press,185,5,185,4,175,5,155,7,,,
7/21/2024,Dumbbell Shoulder Press,60,6,60,5,60,5,60,3,,,
7/21/2024,Lateral Raises,25,10,25,11,25,8,,,,,superdrop
7/21/2024,Cable Fly,25,10,25,8,25,8,,,,,
7/21/2024,Tricep Extensions,44,6,44,5,40,8,,,,,
7/22/2024,Pull Ups,0,10,0,5,0,4,0,5,,,
7/22/2024,Row Machine,220,6,210,7,210,7,,,,,
7/22/2024,Dumbbell Upright Row,40,10,40,9,,,,,,,
7/22/2024,Bicep Curls,35,7,35,5,35,5,,,,,
7/22/2024,Rear Delt Cable Flies,17.5,6,17.5,4,15,5,,,,,
7/23/2024,Barbell Squat,175,4,175,4,175,2,,,,,
7/23/2024,Hamstring Curl Machine,130,10,130,8,130,7,,,,,superset
7/23/2024,Quad Extension Machine,170,6,160,6,160,6,,,,,superset
7/23/2024,Leg Raises,0,12,0,10,0,10,,,,,
7/24/2024,Bench Press,185,4,175,5,175,3,155,6,,,
7/24/2024,Dumbbell Shoulder Press,60,4,55,5,55,5,55,4,,,
7/24/2024,Lateral Raises,25,10,25,10,25,10,,,,,"superdrop, keep feet planted"
7/24/2024,Tricep Extensions,44,8,44,8,44,8,,,,,
7/24/2024,Cable Fly,25,10,25,6,25,5,,,,,
7/25/2024,Pull Ups,0,10,0,7,0,6,0,5,,,
7/25/2024,Row Machine,220,6,210,8,210,7,,,,,
7/25/2024,Dumbbell Upright Row,40,10,40,9,40,9,,,,,
7/25/2024,Bicep Curls,35,7,35,5,35,4,,,,,
7/25/2024,Rear Delt Cable Flies,17.5,4,15,6,15,5,,,,,
7/27/2024,Incline Bench Press,155,7,155,6,155,5,135,9,,,
7/27/2024,Dumbbell Shoulder Press,60,3,55,5,55,5,55,3,,,
7/27/2024,Lateral Raises,25,10,20,15,20,10,,,,,superdrop
7/27/2024,Tricep Extensions,44,12,44,10,44,10,,,,,
7/27/2024,Cable Fly,25,9,25,6,22.5,9,,,,,
7/28/2024,Pull Ups,0,11,0,6,0,6,0,5,,,
7/28/2024,Dumbbell Row,60,10,60,8,60,8,,,,,
7/28/2024,Dumbbell Upright Row,45,7,40,10,40,8,,,,,
7/28/2024,Bicep Curls,35,8,35,6,,,,,,,
7/28/2024,Hammer Curl,30,7,30,6,,,,,,,
7/28/2024,Face Pulls,44,16,51,12,51,12,,,,,
7/30/2024,Horizontal Leg Press Machine,330,10,350,10,370,6,370,5,,,
7/30/2024,Quad Extension Machine,170,8,170,7,170,7,,,,,superset 
7/30/2024,Hamstring Curl Machine,135,8,135,8,135,6,,,,,superset
7/30/2024,Captain's Chair Hanging Leg Raises,0,15,0,12,0,12,,,,,
7/31/2024,Pull Ups,0,10,0,8,0,6,0,5,,,
7/31/2024,Row Machine,220,6,210,8,210,8,,,,,
7/31/2024,Dumbbell Upright Row,45,9,45,8,45,8,,,,,
7/31/2024,Cable Bicep Curls,29,4,25,8,,,,,,,
7/31/2024,Hammer Curl,30,9,30,7,,,,,,,
7/31/2024,Rear Delt Cable Flies,15,9,15,8,15,7,,,,,
8/1/2024,Bench Press,185,5,175,6,175,5,175,4,,,
8/1/2024,Dumbbell Shoulder Press,60,6,60,5,60,4,,,,,
8/1/2024,Lateral Raises,25,10,20,12,20,10,,,,,superdrop 
8/1/2024,Cable Fly,25,7,25,6,25,5,,,,,
8/1/2024,Tricep Pushdown,44,13,44,8,44,7,,,,,
8/2/2024,Pull Ups,0,11,0,7,0,7,0,4,,,
8/2/2024,Row Machine,220,8,220,6,220,6,,,,,
8/2/2024,Dumbbell Upright Row,45,8,45,8,45,8,,,,,
8/2/2024,Bicep Curls,35,8,35,7,35,5,,,,,
8/2/2024,High Cable Row,51,12,51,10,51,11,,,,,
8/3/2024,Incline Bench Press,155,7,155,6,145,7,145,5,,,
8/3/2024,Dumbbell Shoulder Press,60,3,55,5,55,3,,,,,
8/3/2024,Lateral Raises,25,10,25,9,20,12,20,11,,,superdrop
8/3/2024,Cable Fly,25,6,22.5,8,22.5,6,,,,,
8/3/2024,Overhead Tricep Extension,36,10,36,9,36,9,,,,,
8/5/2024,Horizontal Leg Press Machine,370,8,370,8,370,8,,,,,
8/5/2024,Hamstring Curl Machine,140,9,140,6,140,6,,,,,
8/5/2024,Quad Extension Machine,170,9,170,8,170,8,,,,,
8/5/2024,Leg Raises,0,20,0,15,0,12,,,,,
8/5/2024,Cable Crunches,66,8,66,12,66,10,,,,,
8/8/2024,Pull Ups,0,10,0,8,0,7,0,7,,,
8/8/2024,Row Machine,220,8,210,8,210,6,,,,,
8/8/2024,Dumbbell Upright Row,45,9,45,8,,,,,,,
8/8/2024,Bicep Curls,35,9,35,8,35,7,,,,,
8/8/2024,Rear Delt Cable Flies,15,10,15,8,15,6,,,,,
8/11/2024,Bench Press,185,6,185,4,175,5,175,4,,,Dropset Burnout
8/11/2024,Dumbbell Shoulder Press,60,7,60,5,60,4,60,4,,,
8/11/2024,Lateral Raises,20,16,20,13,20,10,,,,,superdrop
8/11/2024,Cable Fly,25,7,25,7,25,9,25,6,,,superset
8/11/2024,Overhead Tricep Extension,36,5,29,12,32.5,9,32.5,9,,,superset
8/12/2024,Pull Ups,0,11,0,7,0,6,0,6,,,
8/12/2024,Row Machine,210,8,210,9,210,7,,,,,
8/12/2024,Dumbbell Upright Row,45,7,45,7,45,8,,,,,
8/12/2024,Bicep Curls,35,9,35,8,35,7,,,,,
8/12/2024,High Cable Row,51,14,51,12,51,14,,,,,
8/14/2024,Dumbbell Shoulder Press,60,9,60,8,60,6,60,6,,,
8/14/2024,Incline Dumbbell Bench Press,60,7,60,6,60,6,,,,,
8/14/2024,Lateral Raises,25,10,20,15,25,8,,,,,superdrop
8/14/2024,Cable Fly,25,6,25,6,25,4,,,,,
8/14/2024,Overhead Tricep Extension,32.5,12,32.5,10,32.5,11,,,,,
8/15/2024,Hamstring Curl Machine,145,8,140,8,140,8,,,,,
8/15/2024,Bulgarian Split Squats,50,8,50,10,,,,,,,
8/15/2024,Quad Extension Machine,170,9,170,8,,,,,,,
8/15/2024,Horizontal Leg Press Machine,350,4,330,5,,,,,,,
8/15/2024,Cable Crunches,66,15,66,14,66,12,,,,,superset
8/15/2024,Leg Raises,0,12,0,10,0,8,,,,,superset
8/17/2024,Pull Ups,0,9,0,8,0,7,0,6,,,
8/17/2024,Row Machine,220,6,210,8,210,6,,,,,
8/17/2024,Dumbbell Upright Row,45,8,45,10,,,,,,,
8/17/2024,Bicep Curls,40,4,35,8,35,7,,,,,
8/17/2024,Rear Delt Cable Flies,15,7,15,6,15,5,,,,,
8/18/2024,Incline Bench Press,155,8,155,6,155,6,155,6,,,
8/18/2024,Dumbbell Shoulder Press,60,7,60,6,60,6,60,5,,,
8/18/2024,Lateral Raises,20,15,20,12,,,,,,,"superset, superdrop"
8/18/2024,Horizontal Cable Lateral Raise,18.75,4,15.25,8,15.25,8,,,,,superset
8/18/2024,Cable Fly,25,7,25,8,25,8,,,,,
8/18/2024,Overhead Tricep Extension,32.5,14,32.5,12,32.5,10,,,,,
8/21/2024,Horizontal Leg Press Machine,350,7,350,6,350,7,350,7,,,
8/21/2024,Hamstring Curl Machine,145,6,145,6,140,5,,,,,
8/21/2024,Quad Extension Machine,170,9,170,8,170,6,,,,,
8/21/2024,Leg Raises,0,20,0,10,0,10,0,10,,,
8/22/2024,Pull Ups,0,10,0,8,0,5,0,6,0,4,
8/22/2024,Bent Over Dumbbell Row,45,10,45,12,45,8,,,,,
8/22/2024,Dumbbell Upright Row,45,6,40,8,40,8,,,,,
8/22/2024,Cable Bicep Curls,22.5,9,22.5,9,22.5,8,,,,,
8/22/2024,Rear Delt Cable Flies,15,9,15,6,15,7,,,,,
8/23/2024,Bench Press,185,6,185,4,185,4,155,9,155,6,
8/23/2024,Dumbbell Shoulder Press,60,6,60,6,60,4,60,5,,,
8/23/2024,Horizontal Cable Lateral Raise,12.5,8,12.5,7,10,15,,,,,
8/23/2024,Lateral Raises,15,15,,,,,,,,,
8/23/2024,Dips,0,9,0,8,0,6,,,,,
8/23/2024,Cable Fly,25,6,25,7,25,6,,,,,
8/23/2024,Overhead Tricep Extension,36,8,36,5,32.5,10,,,,,
8/24/2024,Pull Ups,0,11,0,7,0,5,0,4,,,
8/24/2024,Bent Over Dumbbell Row,45,12,45,12,45,10,,,,,
8/24/2024,Dumbbell Upright Row,35,11,30,13,,,,,,,
8/24/2024,Bicep Curls,35,7,35,5,35,4,,,,,strained left of neck
8/24/2024,Face Pulls,36,18,36,15,36,18,,,,,
8/24/2024,Rear Delt Cable Flies,15,6,12.5,7,12.5,5,,,,,
8/25/2024,Incline Bench Press,160,6,160,5,155,5,135,7,,,
8/25/2024,Dumbbell Shoulder Press,60,5,60,4,45,9,,,,,
8/25/2024,Lateral Raises,20,14,20,12,20,10,,,,,superdrop
8/25/2024,Horizontal Cable Lateral Raise,10,6,10,8,10,8,,,,,
8/25/2024,Dips,0,8,0,7,,,,,,,superset
8/25/2024,Cable Fly,25,8,25,8,,,,,,,superset
8/25/2024,Overhead Tricep Extension,36,10,36,9,36,7,,,,,
8/26/2024,Barbell Squat,185,3,155,6,155,6,155,7,,,
8/26/2024,Hamstring Curl Machine,145,7,145,6,145,5,,,,,
8/26/2024,Quad Extension Machine,170,7,170,5,170,5,,,,,
8/26/2024,Hanging Crunches,0,10,0,8,0,7,,,,,
8/26/2024,Leg Raises,0,14,0,12,0,8,,,,,
8/28/2024,Bench Press,185,5,185,4,165,6,165,5,,,
8/28/2024,Military Press,95,6,95,5,85,7,85,6,,,superdrop
8/28/2024,Lateral Raises,20,15,20,13,20,11,,,,,superdrop
8/28/2024,Cable Fly,25,7,25,9,25,9,,,,,
8/28/2024,Horizontal Cable Lateral Raise,10,9,10,7,,,,,,,superset
8/28/2024,Dips,0,8,0,8,,,,,,,superset
8/28/2024,Overhead Tricep Extension,36,12,36,8,36,10,,,,,
8/29/2024,Pull Ups,0,11,0,9,0,7,0,6,,,
8/29/2024,Bent Over Dumbbell Row,45,14,45,12,45,10,,,,,
8/29/2024,Dumbbell Upright Row,30,14,30,10,30,11,,,,,
8/29/2024,Cable Lat Pullover,37.5,8,37.5,10,37.5,10,,,,,
8/29/2024,Bicep Curls,35,6,35,5,30,5,,,,,
8/29/2024,Face Pulls,42.5,12,32.5,15,32.5,16,,,,,
8/29/2024,Rear Delt Cable Flies,12.5,9,12.5,8,12.5,7,,,,,
8/30/2024,Incline Bench Press,155,8,155,6,155,5,,,,,
8/30/2024,Dumbbell Shoulder Press,60,6,60,5,60,5,,,,,
8/30/2024,Lateral Raises,20,14,20,12,20,10,,,,,superdrop
8/30/2024,Egyptian Cable Lateral Raise,10,11,10,12,10,12,,,,,superset
8/30/2024,Dips,0,7,0,8,,,,,,,superset
8/30/2024,Cable Fly,25,8,25,9,25,8,,,,,
8/30/2024,Overhead Tricep Extension,40,10,40,8,40,7,,,,,
8/31/2024,Pull Ups,0,10,0,7,0,5,0,6,,,
8/31/2024,Bent Over Dumbbell Row,45,12,45,11,45,12,,,,,
8/31/2024,Dumbbell Upright Row,30,15,30,12,30,12,,,,,
8/31/2024,Incline Bicep Curls,25,9,25,8,25,7,,,,,
8/31/2024,Face Pulls,32.5,20,32.5,20,32.5,20,,,,,
8/31/2024,Rear Delt Cable Flies,12.5,11,12.5,8,12.5,7,,,,,
9/1/2024,Barbell Squat,185,5,155,5,155,5,,,,,
9/1/2024,Quad Extension Machine,160,8,160,7,160,5,,,,,
9/1/2024,Hamstring Curl Machine,145,6,145,6,145,5,,,,,
9/1/2024,Hanging Crunches,0,12,0,8,,,,,,,
9/1/2024,Leg Raises,0,16,0,12,0,10,,,,,
9/3/2024,Bench Press,185,6,185,4,180,5,175,5,,,
9/3/2024,Military Press,85,9,85,8,85,7,65,12,,,
9/3/2024,Lateral Raises,20,13,15,15,15,15,,,,,"superdrop, retract scapulae "
9/3/2024,Dips,0,11,0,8,,,,,,,
9/3/2024,Cable Fly,25,10,25,11,25,9,,,,,superset
9/3/2024,Tricep Extensions,47.5,11,47.5,10,47.5,10,,,,,superset
9/3/2024,Egyptian Cable Lateral Raise,12.5,7,,,,,,,,,
9/4/2024,Pull Ups,0,11,0,7,0,6,0,5,,,
9/4/2024,Bent Over Dumbbell Row,50,9,50,9,50,8,,,,,
9/4/2024,Bicep Curls,35,8,35,6,35,6,,,,,
9/4/2024,Dumbbell Upright Row,30,12,30,12,30,10,,,,,
9/4/2024,Rear Delt Cable Flies,12.5,10,12.5,8,12.5,7,,,,,superset
9/4/2024,Lateral Raises,20,10,15,12,15,13,,,,,superset
9/5/2024,Barbell Squat,155,8,165,5,165,6,165,3,,,
9/5/2024,Hamstring Curl Machine,145,7,145,5,130,9,,,,,superset
9/5/2024,Quad Extension Machine,160,7,150,9,150,9,,,,,superset
9/5/2024,Leg Raises,0,20,0,10,0,10,,,,,
9/7/2024,Incline Bench Press,165,6,165,4,155,7,155,,,,
9/7/2024,Lateral Raises,20,13,20,14,20,8,,,,,superdrop
9/7/2024,Dumbbell Shoulder Press,55,4,,,,,,,,,
9/7/2024,Horizontal Cable Lateral Raise,10,9,10,10,10,9,,,,,superset
9/7/2024,Dips,0,10,0,7,0,9,,,,,superset
9/7/2024,Cable Fly,25,9,25,9,25,7,,,,,
9/7/2024,Overhead Tricep Extension,40,12,44,10,36,8,,,,,
9/8/2024,Pull Ups,0,11,0,7,0,5,0,5,,,
9/8/2024,Bent Over Dumbbell Row,50,10,50,10,,,,,,,
9/8/2024,Single Arm Standing Chest Supported Cable Row,32.5,15,40,9,40,10,,,,,
9/8/2024,Dumbbell Upright Row,35,12,35,10,35,8,,,,,
9/8/2024,Dumbbell Preacher Curls,20,9,20,9,20,7,20,8,,,
9/8/2024,Rear Delt Cable Flies,12.5,11,12.5,7,12.5,6,,,,,superset
9/8/2024,Horizontal Cable Lateral Raise,10,10,7.5,12,7.5,12,,,,,"superset, dropset"
9/8/2024,Face Pulls,32.5,25,32.5,15,,,,,,,
9/9/2024,Horizontal Leg Press Machine,350,10,350,8,250,8,250,10,,,deeper setting (1)
9/9/2024,Hamstring Curl Machine,145,8,145,6,140,6,,,,,superset
9/9/2024,Quad Extension Machine,150,9,150,8,150,8,,,,,superset
9/9/2024,Hanging Leg Raises,0,8,0,4 & 10,0,3 & 10,,,,,"superset 2, & knee raises"
9/9/2024,Cable Crunches,62.5,15,62.5,14,62.5,14,,,,,superset 2
9/10/2024,Incline Bench Press,165,7,165,6,165,5,135,10,,,
9/10/2024,Seated Overhead Press,85,10,85,10,85,9,,,,,dropset
9/10/2024,Lateral Raises,20,14,15,16,15,12,,,,,superdrop
9/10/2024,Dips,0,9,0,8,0,7,,,,,
9/10/2024,Horizontal Cable Lateral Raise,7.5,14,7.5,14,7.5,12,,,,,superset
9/10/2024,Cable Fly,29,6,25,7,,,,,,,superset
9/10/2024,Tricep Extensions,51,8,47.5,7,47.5,4,,,,,